timestamp,open,high,low,close,volume
2024-01-01 00:00:00+00:00,2050.66694216141,2052.121301741389,2050.543063866745,2051.4287616751185,128.67108627543408
2024-01-01 00:15:00+00:00,2051.1239487838548,2051.7036560032184,2051.523404129397,2051.5554119727,522.3726967240063
2024-01-01 00:30:00+00:00,2052.6504533945786,2054.1087653098148,2053.276732309416,2053.2952292881237,932.1605360582756
2024-01-01 00:45:00+00:00,2056.460455427741,2057.1528811739536,2056.350106372997,2056.836167967702,457.83268237958197
2024-01-01 01:00:00+00:00,2056.619102250534,2058.7132823284055,2055.360267420501,2056.765921270901,662.4302228096107
2024-01-01 01:15:00+00:00,2057.26963475334,2056.915050866126,2056.086345454362,2056.695710739585,801.8368080608292
2024-01-01 01:30:00+00:00,2060.137699813221,2060.359509228965,2057.5722595452066,2060.358267373401,805.5327512276988
2024-01-01 01:45:00+00:00,2061.262454291963,2063.1950563903188,2061.7029720135156,2062.352494002266,567.3520741557443
2024-01-01 02:00:00+00:00,2062.5803471232807,2062.4764330146204,2061.293456976723,2061.7968177039907,872.1567508621027
2024-01-01 02:15:00+00:00,2062.75266359846,2064.2956517554594,2062.67501360067,2063.3283942121943,452.24028402737224
2024-01-01 02:30:00+00:00,2062.744572715747,2064.442973732902,2062.7616072956775,2062.7849485868155,899.8238933063185
2024-01-01 02:45:00+00:00,2062.543832757311,2063.023337656395,2060.7875760912452,2062.236878073305,316.20444975599077
2024-01-01 03:00:00+00:00,2063.2857857196186,2063.9419378537823,2062.13241685701,2063.1485104071553,352.19476629151393
2024-01-01 03:15:00+00:00,2060.3679819579706,2060.5847052056806,2059.4121827627087,2059.616785103973,147.80856177910098
2024-01-01 03:30:00+00:00,2056.8067854246387,2057.331330774771,2056.3971320719043,2056.4784322135224,816.0236528880546
2024-01-01 03:45:00+00:00,2055.1433230047082,2055.9327581120942,2055.138268240499,2055.733530665797,475.349712609435
2024-01-01 04:00:00+00:00,2055.5548802286453,2054.334910505541,2053.56941389175,2054.0632453988414,306.2049525202591
2024-01-01 04:15:00+00:00,2055.252939772822,2057.1789022135713,2054.404459266898,2055.1198135891723,308.6112498549217
2024-01-01 04:30:00+00:00,2053.564391774018,2054.3177222406316,2053.1336706506922,2053.6652542753413,911.2599471063098
2024-01-01 04:45:00+00:00,2051.8361573758716,2052.4480660105414,2051.0867514211855,2051.1770967922757,850.5249404149332
2024-01-01 05:00:00+00:00,2054.7673247026823,2054.6580530428946,2052.367312314599,2054.5964843571733,598.177796821465
2024-01-01 05:15:00+00:00,2054.816935709649,2054.8284666393165,2053.081016171629,2054.5435251433632,654.499720374149
2024-01-01 05:30:00+00:00,2056.8004705158187,2056.491387159772,2053.1903922677766,2055.093247013872,526.8930134952619
2024-01-01 05:45:00+00:00,2052.3895799395373,2053.921043844488,2051.773626604916,2052.5778159863166,452.499888590928
2024-01-01 06:00:00+00:00,2051.653730554376,2054.968890161087,2051.174821318503,2051.8710653490875,923.9291930964984
2024-01-01 06:15:00+00:00,2052.5888970919273,2052.697814040151,2052.1825448880654,2052.509137604876,213.05143316827187
2024-01-01 06:30:00+00:00,2051.290544345207,2052.4041688682855,2049.757239150542,2050.558142436388,476.60211074460517
2024-01-01 06:45:00+00:00,2050.7086463666756,2053.0099818331714,2051.4724635286107,2051.738984567115,410.1057171890878
2024-01-01 07:00:00+00:00,2049.573412432093,2051.1321402345106,2049.277908580931,2050.9171431900018,548.3356482260335
2024-01-01 07:15:00+00:00,2050.327757405527,2051.2332018433017,2049.906621443937,2050.729095528157,511.86868709065755
2024-01-01 07:30:00+00:00,2048.7890069928176,2050.7327320423865,2049.0217311831857,2049.9054695296727,567.0005784859733
2024-01-01 07:45:00+00:00,2053.8258813047655,2055.116654488115,2052.662217832942,2054.116765702615,225.92707950429468
2024-01-01 08:00:00+00:00,2054.8440284319504,2054.989238401548,2053.317377288554,2054.4998999068166,561.8273513619494
2024-01-01 08:15:00+00:00,2052.1289968961664,2053.257287413294,2049.824545370124,2052.7384883880673,318.1769324984898
2024-01-01 08:30:00+00:00,2053.8612797889145,2055.9278593308577,2054.0070057526364,2054.8385792208574,265.8982140893721
2024-01-01 08:45:00+00:00,2052.789424404853,2055.574415644376,2051.760048240444,2052.741980637296,158.3507969075721
2024-01-01 09:00:00+00:00,2054.17187813583,2053.984372778571,2053.050647818301,2053.5814437043655,786.3873028805268
2024-01-01 09:15:00+00:00,2048.8127798593628,2050.4926756568166,2049.7439474395637,2049.9709953216293,484.69772877090395
2024-01-01 09:30:00+00:00,2048.2194029937273,2047.68573450129,2047.636719064513,2047.659550758983,663.9793149805826
2024-01-01 09:45:00+00:00,2049.030425118541,2050.2843002692593,2047.766767239569,2048.4723487322726,754.834008974269
2024-01-01 10:00:00+00:00,2051.047757907319,2051.107892317948,2050.185755555312,2050.3956739186483,711.3849987821982
2024-01-01 10:15:00+00:00,2051.990365425455,2051.577018566525,2050.3717988434896,2051.1572672428797,523.450647180714
2024-01-01 10:30:00+00:00,2052.83597913543,2051.8678323823715,2049.6729344201967,2051.330293178878,449.1086760565568
2024-01-01 10:45:00+00:00,2050.8794437367233,2051.2791558732956,2050.815599471101,2051.122906589316,438.36391867659734
2024-01-01 11:00:00+00:00,2048.576995742547,2049.344541046544,2047.547129104474,2048.5021765357883,676.0439172370507
2024-01-01 11:15:00+00:00,2047.153340725032,2048.5851714292544,2047.0126053274553,2047.4375512870422,545.3149194476861
2024-01-01 11:30:00+00:00,2046.9053280216617,2046.904191138865,2046.1868457822675,2046.9039792178626,864.2190231896595
2024-01-01 11:45:00+00:00,2050.5260029532933,2049.488336207372,2046.5945184870404,2049.4788058018416,887.2317858940409
2024-01-01 12:00:00+00:00,2049.6738836473996,2050.929432196519,2050.486260538375,2050.593242851495,253.5043402058666
2024-01-01 12:15:00+00:00,2046.8029518647213,2047.5494548352428,2046.9879602866285,2047.3905868625923,222.61028639115307
2024-01-01 12:30:00+00:00,2049.4042411344867,2049.308964662921,2047.7079310337097,2048.463872669634,667.3608334323995
2024-01-01 12:45:00+00:00,2048.78114713412,2048.9727514837627,2047.8991645149495,2048.0847733880914,371.1031732560515
2024-01-01 13:00:00+00:00,2046.8604396597514,2047.7818474276992,2046.637116671619,2047.1082295872925,116.71364688858897
2024-01-01 13:15:00+00:00,2049.3539845198147,2049.081625779611,2048.5708996979088,2048.770493316706,899.7784024266596
2024-01-01 13:30:00+00:00,2051.5273931111947,2052.6744702951614,2050.2482342778303,2051.2940817650915,304.21069051942743
2024-01-01 13:45:00+00:00,2054.642979063051,2054.4572036085265,2053.4040891750815,2053.615983091028,936.3525865172281
2024-01-01 14:00:00+00:00,2052.3546673369606,2052.792370161308,2050.803260167955,2052.3036952320467,745.6910057904282
2024-01-01 14:15:00+00:00,2052.781130077587,2052.976728595549,2051.619252364862,2052.079570508342,786.3881409203359
2024-01-01 14:30:00+00:00,2054.978221563942,2053.4395965132485,2052.1824933391567,2053.170054984097,281.31534621384435
2024-01-01 14:45:00+00:00,2055.994882801955,2055.7840385033924,2055.3414691045323,2055.585068237808,310.77498305513166
2024-01-01 15:00:00+00:00,2055.045071919035,2055.8855843959773,2054.240755213787,2055.0112819399596,569.1409784416592
2024-01-01 15:15:00+00:00,2055.5356391148975,2055.181905427777,2054.753799721748,2055.0407531160326,254.88986738487594
2024-01-01 15:30:00+00:00,2052.9290459355907,2053.5798887262235,2052.2028466127304,2053.179041603045,374.88852341472904
2024-01-01 15:45:00+00:00,2052.7673506357883,2051.240530377001,2050.8080047810004,2051.134669518957,389.31623015302404
2024-01-01 16:00:00+00:00,2053.3357894837804,2053.4849707651892,2052.194466095749,2053.212548112397,243.66693992748768
2024-01-01 16:15:00+00:00,2056.223239644726,2057.009522738427,2055.7595965109144,2056.410327277516,284.66455005564467
2024-01-01 16:30:00+00:00,2056.1006306736213,2059.181469193285,2056.4788505690994,2056.6735438294527,809.6966578074309
2024-01-01 16:45:00+00:00,2059.9034219996815,2059.288558723535,2058.8442729158564,2059.1503082344325,250.47626909254154
2024-01-01 17:00:00+00:00,2060.902683522155,2061.77277511509,2059.0820339922307,2060.307126053397,125.61165265953024
2024-01-01 17:15:00+00:00,2059.0488311461736,2060.343966209598,2058.3049627180444,2059.3902467267258,666.4194483660445
2024-01-01 17:30:00+00:00,2060.9426389189516,2061.541327248329,2059.9573811201985,2060.5467039458927,978.384807453205
2024-01-01 17:45:00+00:00,2063.0931710462323,2065.4068914358595,2063.403797539294,2064.1311234880695,398.09243316080926
2024-01-01 18:00:00+00:00,2064.59731662538,2064.561543358929,2062.882879025483,2064.4700278892865,206.79013287662707
2024-01-01 18:15:00+00:00,2068.428415661115,2068.3203339793627,2067.966458303357,2068.116298064188,613.3485928307778
2024-01-01 18:30:00+00:00,2064.2921744522605,2063.7551778611355,2062.6580162202026,2063.1180334791943,915.7187899860816
2024-01-01 18:45:00+00:00,2064.696777864593,2065.5537977367458,2065.11058618588,2065.227416572795,805.6556018456309
2024-01-01 19:00:00+00:00,2064.9400368608326,2066.456355415936,2065.445252250951,2065.8203191393677,660.2642815714444
2024-01-01 19:15:00+00:00,2064.999261153773,2066.8591792238644,2063.5424805652065,2065.615797867753,383.55084694683944
2024-01-01 19:30:00+00:00,2065.298003919065,2066.3626147034884,2065.817346638455,2066.218551462616,587.6921559485979
2024-01-01 19:45:00+00:00,2063.4473072047717,2062.9926067023334,2062.2131686038624,2062.5283426431783,182.12035717382983
2024-01-01 20:00:00+00:00,2063.552452417677,2062.488313670381,2061.8343101593264,2062.487769216039,711.050881852603
2024-01-01 20:15:00+00:00,2063.8573974850274,2064.257463496136,2062.9167118266582,2063.637127212026,752.5864170078858
2024-01-01 20:30:00+00:00,2067.9441121769332,2068.594896212726,2065.3676018023816,2067.102598191805,968.5284606189269
2024-01-01 20:45:00+00:00,2066.537078213363,2068.817271281877,2064.4696558370097,2066.4448056801207,334.35762287056446
2024-01-01 21:00:00+00:00,2065.1222952525577,2065.7562507072635,2063.8338661828275,2065.1877697230875,116.61077713872038
2024-01-01 21:15:00+00:00,2064.3354862146825,2065.8247986617644,2064.3331182709894,2064.5646787830174,591.0476179844355
2024-01-01 21:30:00+00:00,2066.6549375436402,2067.3939129165888,2065.980458790897,2066.868783360545,736.111453957133
2024-01-01 21:45:00+00:00,2066.8949999341244,2068.114733536215,2067.8794182838897,2067.961931499445,811.3667282946892
2024-01-01 22:00:00+00:00,2067.4622085819183,2067.7486080870863,2066.10222212783,2067.2801123761164,274.3650397223295
2024-01-01 22:15:00+00:00,2068.7273482836194,2070.2575618000187,2068.3544834134163,2068.7551619452715,335.5775821333213
2024-01-01 22:30:00+00:00,2069.8839762896982,2069.707911836726,2068.233107973674,2069.36983395709,561.3318327405667
2024-01-01 22:45:00+00:00,2071.8541933017423,2072.100866126721,2070.3181132900845,2071.7896062991204,397.54072897300165
2024-01-01 23:00:00+00:00,2070.6374127638132,2071.393936612918,2070.632223970795,2070.7497189785804,874.4603379287005
2024-01-01 23:15:00+00:00,2069.884115354037,2071.664348157847,2070.2560127076495,2070.4853794978208,526.3841383648482
2024-01-01 23:30:00+00:00,2070.1374484209637,2071.1631868237755,2068.809638228655,2070.087660579225,819.6207796918027
2024-01-01 23:45:00+00:00,2067.982487622847,2067.5520459327327,2066.406955422346,2067.473725596857,622.5577844341184
2024-01-02 00:00:00+00:00,2067.711363597284,2069.193140192043,2067.8838093453855,2068.4996957156695,795.7811274554008
2024-01-02 00:15:00+00:00,2069.5139492505905,2070.56268770144,2068.843228376058,2069.4536082921954,399.4056878772915
2024-01-02 00:30:00+00:00,2070.038914779825,2071.486170251019,2069.7413373816735,2069.8781246106696,848.27495973728
2024-01-02 00:45:00+00:00,2069.3111163041326,2070.6529713773766,2069.731732960519,2069.8065346979556,347.1150839959194
2024-01-02 01:00:00+00:00,2066.887390151185,2067.6815547488645,2065.7417817708338,2067.2924804574272,591.4889272029618
2024-01-02 01:15:00+00:00,2066.995270657764,2067.7685888496953,2066.0315279876204,2066.83639235953,292.6064018564868
2024-01-02 01:30:00+00:00,2065.7606920134954,2067.4400432508182,2065.1454217858604,2066.5414458501286,527.973869463574
2024-01-02 01:45:00+00:00,2065.5380884645133,2066.4593682913046,2064.3820655569803,2065.2971896426156,386.35768855783283
2024-01-02 02:00:00+00:00,2064.7607328804443,2066.6054397726275,2065.3124605254843,2065.377147701261,340.0330875734928
2024-01-02 02:15:00+00:00,2067.3572907970047,2068.322512010068,2066.373894894619,2066.625117417617,970.2865162252338
2024-01-02 02:30:00+00:00,2072.5548163120147,2071.8735480774367,2070.636302451411,2070.9409818831787,244.06669493805757
2024-01-02 02:45:00+00:00,2071.122440938579,2072.3781393865916,2070.3116273968576,2071.7168557301693,808.5932537116557
2024-01-02 03:00:00+00:00,2073.0340654569204,2073.005545483922,2072.4573555928873,2072.6649874794603,985.7484635348934
2024-01-02 03:15:00+00:00,2072.423074826394,2073.550416594913,2072.6849397094343,2072.925235371138,117.91133536607005
2024-01-02 03:30:00+00:00,2070.083449470393,2069.928396630949,2068.179633712776,2069.365411283064,729.1246726378855
2024-01-02 03:45:00+00:00,2068.8515365239455,2069.892916840523,2068.9199762277244,2069.7244486116438,327.6206250006584
2024-01-02 04:00:00+00:00,2070.5947705406716,2070.3054802560623,2068.6495716431214,2070.2631235261288,136.439041895474
2024-01-02 04:15:00+00:00,2075.1800384902645,2076.824246409557,2074.1956303068177,2075.784084024597,462.60062106096774
2024-01-02 04:30:00+00:00,2075.65672154027,2076.5688426391725,2074.1085355530213,2075.799941072888,941.6960291537875
2024-01-02 04:45:00+00:00,2076.1275555145503,2077.374245712581,2076.454320118906,2076.8413141436677,110.58858493029791
2024-01-02 05:00:00+00:00,2077.754011190623,2077.4220420546394,2076.932554887377,2077.1846199405077,629.0971227368035
2024-01-02 05:15:00+00:00,2074.5945112451213,2076.205194775803,2073.2124215705994,2075.17347105423,551.2568307357919
2024-01-02 05:30:00+00:00,2078.34425336125,2080.624149022938,2077.489410066424,2077.9619331214717,886.0457479339427
2024-01-02 05:45:00+00:00,2079.7023876646635,2080.139618758767,2078.859587430377,2079.9409555252296,175.6015430685631
2024-01-02 06:00:00+00:00,2081.9238212480936,2084.5148017914476,2081.370704361137,2082.003265198714,713.3734268979853
2024-01-02 06:15:00+00:00,2080.6293119853235,2081.34303708216,2080.384002366515,2080.5268419415233,712.0987285899496
2024-01-02 06:30:00+00:00,2083.334992627215,2083.8842403478097,2082.8662185251887,2083.864172340173,702.172015176055
2024-01-02 06:45:00+00:00,2081.5071323631796,2081.6347677653475,2081.145133603319,2081.3611823817882,948.1010454415333
2024-01-02 07:00:00+00:00,2084.062122768259,2083.0229589156,2082.6791155262363,2082.999560693171,840.7787761061924
2024-01-02 07:15:00+00:00,2087.443284838373,2088.5560230836895,2086.8411209409005,2087.9848348760115,137.7754536191554
2024-01-02 07:30:00+00:00,2087.1497887365945,2087.5666447559042,2085.41608530667,2086.3348592864686,523.9745656340618
2024-01-02 07:45:00+00:00,2086.612242396294,2086.732777895897,2083.695095343881,2085.5707795132075,458.1577505812001
2024-01-02 08:00:00+00:00,2085.628264244853,2086.9420300403285,2085.4289306245155,2086.195817286309,379.1324989817219
2024-01-02 08:15:00+00:00,2084.55126778243,2086.3117144208513,2083.8357405401694,2085.562803703008,506.20305263868755
2024-01-02 08:30:00+00:00,2082.957447906823,2083.204428964892,2082.4946941820835,2082.7478117721316,445.7747664333797
2024-01-02 08:45:00+00:00,2082.927096486121,2083.3276695996233,2083.3048526002035,2083.307235837165,489.1005098907988
2024-01-02 09:00:00+00:00,2082.808072992952,2082.2118508109547,2080.397577857522,2081.5115665882677,981.3356790477783
2024-01-02 09:15:00+00:00,2082.938296387904,2083.5304783591578,2081.589508000265,2082.9141293485986,179.76967727462267
2024-01-02 09:30:00+00:00,2080.859599072116,2081.78462237527,2081.3008458177246,2081.4161693450906,930.0077828548568
2024-01-02 09:45:00+00:00,2084.2644004469958,2085.6596974441895,2084.656944539783,2085.0616999003582,532.213042123924
2024-01-02 10:00:00+00:00,2084.6030000559467,2083.9520617963994,2083.7876705832828,2083.8459353829617,661.368020949587
2024-01-02 10:15:00+00:00,2083.194888802626,2085.2053561944604,2083.2395107791485,2083.5915935115427,847.1646699559245
2024-01-02 10:30:00+00:00,2085.734891284592,2086.9966255299314,2084.7749219580496,2085.704419977673,424.41672623433
2024-01-02 10:45:00+00:00,2084.219272228018,2085.0842846876676,2083.5510429823794,2083.5554495552583,487.37971727917017
2024-01-02 11:00:00+00:00,2084.109806241465,2084.617993975307,2083.801258794581,2084.4462764143,468.5666322508426
2024-01-02 11:15:00+00:00,2087.5582429035603,2087.643319428459,2085.8800912314164,2087.590203094533,437.2579202821839
2024-01-02 11:30:00+00:00,2084.6425085467604,2084.834700379694,2084.25657237246,2084.6540216808166,932.9763894822055
2024-01-02 11:45:00+00:00,2085.9310188276895,2085.7103812565406,2085.131035265926,2085.456004425852,846.0369020737108
2024-01-02 12:00:00+00:00,2086.8261363278425,2086.648136621535,2084.8307509380297,2086.4152903230824,198.09999087667848
2024-01-02 12:15:00+00:00,2088.311553272716,2090.0205501957666,2085.717692904818,2088.4647865316356,197.31101722938644
2024-01-02 12:30:00+00:00,2086.3445376118043,2087.970257131405,2085.8951397318524,2086.3002739269923,485.08256336769205
2024-01-02 12:45:00+00:00,2083.7057160717973,2084.8272530700538,2083.86516895298,2083.9639740939106,188.79163905952817
2024-01-02 13:00:00+00:00,2084.4418458878804,2085.576684820993,2084.932235859746,2085.4690175193914,657.1837857440077
2024-01-02 13:15:00+00:00,2086.684883136782,2088.2199826769784,2086.251657667029,2086.505721249195,229.32244653556052
2024-01-02 13:30:00+00:00,2088.7625048830573,2087.6294321891182,2087.3828441542355,2087.445888912329,570.135937570121
2024-01-02 13:45:00+00:00,2087.971640297636,2090.3219440953244,2087.409148180631,2088.5868816990874,106.49795230334598
2024-01-02 14:00:00+00:00,2087.0466273283196,2087.6063501093267,2087.4946670951654,2087.5845489542025,384.93671357138203
2024-01-02 14:15:00+00:00,2087.8809422381023,2088.7280180812236,2087.7071403207083,2088.4871101472772,709.4716513053899
2024-01-02 14:30:00+00:00,2090.02182188445,2090.8337075085947,2088.482654907174,2089.517139570839,535.6350462050636
2024-01-02 14:45:00+00:00,2088.754881871431,2089.086287550608,2088.2159369173883,2088.442669818319,980.4425373990892
2024-01-02 15:00:00+00:00,2092.6507868058343,2093.153978906643,2092.2104228406456,2092.7613806591903,886.6934164595897
2024-01-02 15:15:00+00:00,2093.531197443321,2094.504702423973,2093.672137316577,2094.1720273898195,423.1637011388361
2024-01-02 15:30:00+00:00,2092.1615163544793,2093.437757579422,2091.4173454786287,2092.097095948638,140.93788732504714
2024-01-02 15:45:00+00:00,2092.7978081533306,2094.473728781812,2093.801737452397,2093.889856954129,861.063670103517
2024-01-02 16:00:00+00:00,2092.3684159623185,2093.43112117848,2092.2549665224205,2092.268387005088,920.1108792832042
2024-01-02 16:15:00+00:00,2094.9430737792472,2094.592784288219,2093.8321933447787,2094.3346525384754,838.5646540771331
2024-01-02 16:30:00+00:00,2096.3072759789497,2097.704370883083,2096.9002405454803,2097.1819400565373,215.15494682778836
2024-01-02 16:45:00+00:00,2094.810001717857,2097.075468350242,2093.9562647124776,2095.8806601904557,998.1236209710589
2024-01-02 17:00:00+00:00,2099.425098836253,2099.978616963349,2097.866327469817,2098.320376599014,332.7257993974964
2024-01-02 17:15:00+00:00,2099.1784298232483,2100.67223056794,2098.773228106012,2099.6065813450164,751.784421527533
2024-01-02 17:30:00+00:00,2102.5494300815317,2102.6057139366962,2101.4410969660735,2101.75360258901,917.2313887021494
2024-01-02 17:45:00+00:00,2106.0570534083654,2107.4895015892453,2105.905706177637,2106.1651682478423,312.1184028976385
2024-01-02 18:00:00+00:00,2105.9558795107423,2106.316006600937,2105.030886773705,2106.069575548267,917.4326992093595
2024-01-02 18:15:00+00:00,2105.211296988696,2105.394511217472,2104.15437394836,2104.9036914855083,378.53342127538025
2024-01-02 18:30:00+00:00,2102.833013637218,2104.4912360612816,2101.8302233716295,2103.452830269611,978.7719001456505
2024-01-02 18:45:00+00:00,2102.250744444744,2102.2377316612765,2101.989065150512,2102.157901139052,353.1340183424271
2024-01-02 19:00:00+00:00,2102.1489187771012,2102.7524949459653,2101.907301031804,2102.4162686277796,958.0922422820516
2024-01-02 19:15:00+00:00,2102.628393352075,2103.713918829323,2102.5380274385466,2103.5543032405003,148.19018580340742
2024-01-02 19:30:00+00:00,2104.7940373802758,2105.436090300145,2104.3727402566856,2104.5572872603807,738.3448105028317
2024-01-02 19:45:00+00:00,2106.535258608958,2108.9212005767645,2106.202431468783,2106.720163897645,578.9000204533033
2024-01-02 20:00:00+00:00,2107.0586544582093,2108.862753769229,2107.159160788099,2107.1689470723486,530.0893694104575
2024-01-02 20:15:00+00:00,2109.8046938109374,2110.8510669207,2110.3321392677626,2110.656105005356,301.144882830256
2024-01-02 20:30:00+00:00,2111.6392016549225,2112.6550714130076,2108.6060247947635,2110.5196410772623,735.0362107988427
2024-01-02 20:45:00+00:00,2117.3103007212653,2116.698919421409,2116.3288384099637,2116.691722834061,271.7285423016764
2024-01-02 21:00:00+00:00,2119.1209632808173,2118.6414209347927,2118.1452953174257,2118.440127775997,597.5576163862913
2024-01-02 21:15:00+00:00,2116.832889092079,2117.4268008053136,2116.509421492142,2117.0484361686254,327.92082673622576
2024-01-02 21:30:00+00:00,2113.9863247801495,2115.396299916436,2114.3104048016676,2115.2055171761776,960.0592418032205
2024-01-02 21:45:00+00:00,2118.0274598898095,2118.1024988776417,2116.0305570351857,2116.649579304455,125.76807445208755
2024-01-02 22:00:00+00:00,2116.556811065572,2118.940730761773,2116.0932472159047,2116.5999173923715,279.7554521001129
2024-01-02 22:15:00+00:00,2118.006588847002,2120.1596919033973,2118.154594035785,2118.535375132589,318.0795457487029
2024-01-02 22:30:00+00:00,2120.256667594096,2121.471500696951,2117.4721572180274,2119.9621330757927,472.66104319103476
2024-01-02 22:45:00+00:00,2121.0566036248383,2120.5144304757127,2119.472659095329,2120.2317481086375,309.45721768304816
2024-01-02 23:00:00+00:00,2118.8445586217586,2119.3155935248765,2118.419453406339,2118.860838928627,542.2141812419068
2024-01-02 23:15:00+00:00,2116.9785457708595,2116.699403328404,2116.0099048321317,2116.0766914004994,885.2189709326851
2024-01-02 23:30:00+00:00,2116.318826499423,2117.2455712180945,2115.1364440089687,2115.5551111476557,740.8570792682538
2024-01-02 23:45:00+00:00,2117.0313117006003,2118.2805544828493,2117.5120890989683,2117.7911618891017,621.9657824816
2024-01-03 00:00:00+00:00,2118.1924616440783,2120.8127278801194,2117.3080210270937,2118.6683075583474,180.10286018441167
2024-01-03 00:15:00+00:00,2117.129419753803,2117.896439465565,2113.886218531213,2116.4538920018167,724.5928975503481
2024-01-03 00:30:00+00:00,2115.3294388512622,2117.4446867252627,2114.7170033105076,2117.2438596160105,249.77285587984588
2024-01-03 00:45:00+00:00,2118.3779421892855,2119.184681149557,2117.9582271367963,2118.483481995039,807.7306473655282
2024-01-03 01:00:00+00:00,2116.0255298750785,2117.4860456767074,2115.8737249844908,2117.035236565551,325.0510826591379
2024-01-03 01:15:00+00:00,2117.447804831278,2117.8044929681787,2116.1263651919962,2117.7842175377727,475.3438554888108
2024-01-03 01:30:00+00:00,2118.120118526313,2119.0105593315534,2115.14553790171,2118.3311184907866,415.4231820861351
2024-01-03 01:45:00+00:00,2116.0818150218565,2116.85078715468,2115.7301333196924,2116.3345366717012,872.9325232073711
2024-01-03 02:00:00+00:00,2117.125523389261,2119.425698003995,2117.2573566585756,2117.515330611878,213.89001284206734
2024-01-03 02:15:00+00:00,2118.3519209204283,2119.329191148567,2117.9717714771114,2119.1269164668147,609.0803941463098
2024-01-03 02:30:00+00:00,2123.4686387272927,2122.6112182473807,2120.802027489617,2121.8476099127492,227.855448498756
2024-01-03 02:45:00+00:00,2125.8321356433194,2125.883440733371,2123.479540342649,2124.5096552904097,734.316252518968
2024-01-03 03:00:00+00:00,2121.1871865783633,2123.0239413912977,2121.891879537982,2122.0091580159637,914.5703150150331
2024-01-03 03:15:00+00:00,2121.5623273359774,2120.944919521896,2119.7800307232565,2120.444063978037,491.1468884805281
2024-01-03 03:30:00+00:00,2121.6782484235846,2123.5354164770856,2121.436606326625,2121.960798460625,539.2830342384783
2024-01-03 03:45:00+00:00,2123.5674071197654,2123.853533154383,2120.4450994011027,2123.475964954901,934.680552834486
2024-01-03 04:00:00+00:00,2124.9500755721397,2125.3275178776607,2124.084491600008,2124.9948945193855,568.8922497844214
2024-01-03 04:15:00+00:00,2133.155184374576,2133.6251589121857,2132.4231148698123,2133.6244029748455,538.8385942446048
2024-01-03 04:30:00+00:00,2135.970091328378,2136.604806873707,2134.9961496621363,2135.269827920235,620.4961924338737
2024-01-03 04:45:00+00:00,2138.2132464789424,2138.7697903819944,2137.5483198760785,2138.1235261613915,720.3067627266568
2024-01-03 05:00:00+00:00,2140.2523146098547,2141.536706421076,2139.7384195746004,2140.59234871996,196.19503757832825
2024-01-03 05:15:00+00:00,2141.483948766175,2142.8998890532125,2140.423870302397,2142.4156063609394,838.9994749673644
2024-01-03 05:30:00+00:00,2141.530588885394,2142.6721207451847,2142.119940757296,2142.168665964878,491.95452470793333
2024-01-03 05:45:00+00:00,2143.050762916912,2144.508976318848,2143.6253259298087,2144.223925088258,165.11365890773698
2024-01-03 06:00:00+00:00,2143.0047429537567,2143.4639556081156,2141.0066172564693,2142.996011281924,807.5644022783918
2024-01-03 06:15:00+00:00,2142.062325549261,2142.9879689627796,2142.400918335672,2142.9171106070544,439.2549745176449
2024-01-03 06:30:00+00:00,2142.116050155321,2144.5548103862284,2141.9581426640434,2142.305687420762,190.33074558554853
2024-01-03 06:45:00+00:00,2143.8883012605224,2143.174309983919,2140.97687562955,2142.9096331070423,670.4011355889255
2024-01-03 07:00:00+00:00,2149.1639206721993,2148.690012197236,2145.7357743525363,2148.3051002091374,892.1182180902775
2024-01-03 07:15:00+00:00,2144.7032150998007,2145.4206901015027,2143.820385227764,2144.726290134249,898.9781584725877
2024-01-03 07:30:00+00:00,2146.5656053738076,2147.4266698398683,2146.6219502678146,2146.6279182086037,961.8971273280758
2024-01-03 07:45:00+00:00,2144.940715405728,2143.7917197951697,2142.3343555359684,2143.5974839542987,880.9349137900192
2024-01-03 08:00:00+00:00,2143.3866467385023,2143.7104587074978,2141.543039483823,2143.0146507400386,101.9268274109277
2024-01-03 08:15:00+00:00,2145.5442050106335,2147.1962847196355,2145.220874252795,2145.7786717139847,442.2170497720512
2024-01-03 08:30:00+00:00,2145.325590402533,2147.869312580413,2144.3402683913055,2146.3458330837275,836.6883219149528
2024-01-03 08:45:00+00:00,2144.744264616558,2145.1065087813977,2144.01269429182,2144.4627158061885,429.6277053986268
2024-01-03 09:00:00+00:00,2143.9504634508153,2145.3582825062367,2143.061544299004,2143.3579508835414,641.3936557417355
2024-01-03 09:15:00+00:00,2144.7923908753796,2146.324754490971,2145.2348956642845,2145.2440731051233,645.6852526370789
2024-01-03 09:30:00+00:00,2144.31473214566,2144.840568562083,2142.422540238046,2144.1066088950533,428.52277363494073
2024-01-03 09:45:00+00:00,2144.7397715969264,2145.8476723166136,2143.545874681487,2144.9997264696412,914.0265345531589
2024-01-03 10:00:00+00:00,2145.394927216298,2147.6399976983994,2144.8712370420285,2145.5265426820297,552.9055108475059
2024-01-03 10:15:00+00:00,2142.779414798949,2145.514954209359,2144.0168941375123,2144.5578408990514,518.3057853437507
2024-01-03 10:30:00+00:00,2149.4315472963926,2150.892222172149,2147.91051854232,2149.5904603596305,997.7623710957063
2024-01-03 10:45:00+00:00,2152.0789541796426,2152.1698694185384,2150.1150571746402,2151.3837923776327,544.150327665355
2024-01-03 11:00:00+00:00,2147.008820561219,2147.476116731864,2145.9198943441256,2147.4607913050886,260.55842673572295
2024-01-03 11:15:00+00:00,2148.328461144716,2149.315516834415,2147.917794008407,2148.290847172692,561.7624805770943
2024-01-03 11:30:00+00:00,2146.757940488138,2147.7360388986904,2145.7387160537746,2147.299024559836,832.615061967937
2024-01-03 11:45:00+00:00,2149.818366923948,2150.297744628243,2149.4760224898655,2149.5601032416466,799.1742942084533
2024-01-03 12:00:00+00:00,2148.1317702515107,2148.4005673911724,2146.3083592059656,2148.2868215621206,809.7235885976239
2024-01-03 12:15:00+00:00,2147.797355859432,2149.0977968284496,2147.5117097124107,2148.4699999503864,737.2214055981206
2024-01-03 12:30:00+00:00,2150.940166632292,2152.109836978443,2149.351048127598,2149.9851779974924,328.7960461600194
2024-01-03 12:45:00+00:00,2152.9441972190853,2153.9610985294676,2151.525871119182,2152.277757315491,875.8756772562083
2024-01-03 13:00:00+00:00,2149.6923761221396,2151.8645233620423,2150.0988147559865,2150.1259180258435,904.0991188386386
2024-01-03 13:15:00+00:00,2150.193464079553,2149.948916994711,2148.1780167477787,2149.8367428802985,274.73742695669415
2024-01-03 13:30:00+00:00,2149.630746750961,2150.211590490999,2149.069181686999,2149.245736599008,217.41007289625452
2024-01-03 13:45:00+00:00,2148.7315873310226,2149.7005790064304,2145.9125995408667,2148.2716414882,978.0444717302008
2024-01-03 14:00:00+00:00,2151.2824956674167,2152.7016638559785,2151.967546999513,2152.498123212874,881.4915672853311
2024-01-03 14:15:00+00:00,2154.523415837376,2154.7932645461624,2153.738798310519,2153.8007391999895,903.912532488952
2024-01-03 14:30:00+00:00,2151.1084458126497,2151.6542302022067,2150.3602083358023,2151.5170181506355,897.7387461619556
2024-01-03 14:45:00+00:00,2153.666550611983,2155.550917968484,2153.696580064096,2153.9234619390418,587.5181416303556
2024-01-03 15:00:00+00:00,2160.829355485012,2160.4975146772704,2158.704835595702,2158.931020570495,681.7615629992197
2024-01-03 15:15:00+00:00,2161.8109775795074,2161.6065340988416,2160.413643482448,2161.59346840349,590.8265669202775
2024-01-03 15:30:00+00:00,2158.4654170928416,2160.0952055043517,2158.490998516506,2158.7434074585162,146.08571427129615
2024-01-03 15:45:00+00:00,2156.5434689746944,2158.522288641024,2157.012595519065,2158.1299062206494,770.9527768174954
2024-01-03 16:00:00+00:00,2162.299245627397,2162.2564281172813,2160.3945244052743,2161.2980141397898,554.7988300022923
2024-01-03 16:15:00+00:00,2159.2324264762583,2160.655532636557,2158.662468901676,2160.2010675986,682.9381673112068
2024-01-03 16:30:00+00:00,2160.869286215415,2164.406919119392,2161.493179298532,2161.5922948161224,552.3758244779817
2024-01-03 16:45:00+00:00,2163.4611009382556,2163.9153153315265,2162.739649787611,2163.7000832706317,542.6301900902104
2024-01-03 17:00:00+00:00,2163.1486163914756,2162.599937570994,2161.049291268514,2162.127795290005,254.61019852999013
2024-01-03 17:15:00+00:00,2162.988900267879,2162.8686706209114,2162.121454305432,2162.4315407559657,350.8423436270341
2024-01-03 17:30:00+00:00,2155.7515732478864,2157.1970884888865,2155.0462929212395,2155.864998702202,242.9674227495602
2024-01-03 17:45:00+00:00,2154.309825411163,2155.2420348057844,2153.774225666887,2154.0884626186958,276.0996660628082
2024-01-03 18:00:00+00:00,2153.5441571764154,2154.7078134673447,2153.910797130932,2153.9752291465416,975.6796423782744
2024-01-03 18:15:00+00:00,2151.819677274234,2153.0024829260965,2151.1885105236156,2151.719512084643,237.80210119497858
2024-01-03 18:30:00+00:00,2155.7186584049987,2157.5829822543883,2155.352423454109,2155.6659618968406,342.3433818746869
2024-01-03 18:45:00+00:00,2153.7110773297727,2153.359926078641,2150.867612615179,2153.015818359855,631.5306919647264
2024-01-03 19:00:00+00:00,2153.1930108078295,2153.0416841141296,2151.292322759023,2152.4990608077683,649.1607186129777
2024-01-03 19:15:00+00:00,2153.5656431933417,2153.298865095146,2152.210489386331,2153.2110973329427,238.57671676944616
2024-01-03 19:30:00+00:00,2156.487509458842,2157.1229321978194,2156.605514253981,2156.748006916358,814.3456832066911
2024-01-03 19:45:00+00:00,2154.616859297218,2154.6089757452028,2153.5201294020685,2154.0842100668774,806.6825811215425
2024-01-03 20:00:00+00:00,2156.95645584761,2157.751340659834,2155.557344452059,2157.0225818670833,313.585933783502
2024-01-03 20:15:00+00:00,2156.698038865037,2157.512948510839,2156.3113543409704,2157.476106998476,359.7996724079144
2024-01-03 20:30:00+00:00,2155.5008780760118,2156.962616760946,2153.6113920984644,2155.7906794303217,944.1890789135473
2024-01-03 20:45:00+00:00,2157.2792896200745,2158.389689594657,2157.1092662416386,2157.2185085621104,843.1043013815303
2024-01-03 21:00:00+00:00,2158.734311999693,2158.812610104083,2157.433801364227,2158.0795393133308,728.0173297562715
2024-01-03 21:15:00+00:00,2157.084042299461,2158.4551107137436,2156.173442832171,2157.216012270021,174.00989935954047
2024-01-03 21:30:00+00:00,2156.9283766048075,2158.5169960985468,2157.7246138711466,2157.798112170258,476.43767281231817
2024-01-03 21:45:00+00:00,2157.4390846924275,2157.8972767188607,2157.0056650826473,2157.3982798891134,603.3716848691442
2024-01-03 22:00:00+00:00,2158.1563832493625,2159.936977687939,2155.8161288896026,2158.0747677102654,268.67015918539926
2024-01-03 22:15:00+00:00,2160.069911546547,2160.667860591846,2158.303326613474,2159.9361124113093,503.4039238974021
2024-01-03 22:30:00+00:00,2164.4607134406474,2165.089146940613,2162.542908872614,2163.797241624357,640.9232897398209
2024-01-03 22:45:00+00:00,2162.2869363006544,2162.613204721282,2160.501078984244,2161.552784178494,394.6390121038593
2024-01-03 23:00:00+00:00,2166.172506838723,2167.104735776456,2165.7576544509716,2166.601646256832,802.8503370554384
2024-01-03 23:15:00+00:00,2162.364693350552,2163.3085682387787,2162.5891132691067,2162.808893534139,856.404623474925
2024-01-03 23:30:00+00:00,2162.163222507605,2163.7603785004653,2162.418265181044,2162.913175673353,391.2485224906637
2024-01-03 23:45:00+00:00,2165.123132791966,2164.891152501845,2164.4179370809966,2164.618909587231,854.7914390432114
2024-01-04 00:00:00+00:00,2166.706208190505,2166.3073261763184,2164.026191535558,2165.6603241153693,193.21890949271352
2024-01-04 00:15:00+00:00,2164.5177366310195,2166.284628073538,2164.0896024230797,2164.745093983567,853.9561887603907
2024-01-04 00:30:00+00:00,2164.553300991504,2166.609633424299,2164.177012184312,2164.727511453359,237.47538850085493
2024-01-04 00:45:00+00:00,2165.151421966745,2165.152507273457,2163.6277224144656,2164.093337180586,174.63443725875345
2024-01-04 01:00:00+00:00,2163.6154290168593,2163.343161800125,2161.6456860838207,2163.250879526653,677.5978639969101
2024-01-04 01:15:00+00:00,2165.8375169543538,2166.397783044897,2165.2969028784364,2165.522624191611,524.7436291797649
2024-01-04 01:30:00+00:00,2165.8690586497883,2167.6288639032823,2165.421993280253,2166.7291898351714,917.1015403715495
2024-01-04 01:45:00+00:00,2166.151416469922,2166.2272457258414,2164.0077871196336,2165.6614513980485,426.8702764817643
2024-01-04 02:00:00+00:00,2167.3726526851647,2168.4976751141944,2166.9003820608814,2168.0441222124236,358.4370370938658
2024-01-04 02:15:00+00:00,2168.3242978586427,2170.6643837437928,2169.007302513217,2169.144248980159,550.6614155297785
2024-01-04 02:30:00+00:00,2171.0914194373904,2172.048580981809,2170.273394702511,2171.342406047339,510.3515671917952
2024-01-04 02:45:00+00:00,2172.720224366146,2174.777767181764,2172.2834277803177,2173.144561789912,409.9852415954694
2024-01-04 03:00:00+00:00,2171.6176727108023,2172.920392894505,2171.318113437811,2171.77809449814,724.3671688284957
2024-01-04 03:15:00+00:00,2169.95321360501,2172.0793948767323,2169.513627098455,2170.9960020608755,783.6056505225175
2024-01-04 03:30:00+00:00,2173.748066811392,2173.4707421533817,2171.9951376195268,2173.053547086134,867.685572127123
2024-01-04 03:45:00+00:00,2175.632741893388,2175.087308391413,2174.0503259043553,2174.815238780762,975.5709442393086
2024-01-04 04:00:00+00:00,2173.792823386386,2177.3752723366197,2173.7828811059685,2175.204779605479,339.990572919254
2024-01-04 04:15:00+00:00,2176.6048150376064,2179.2785695136067,2174.1567400690406,2175.8951411758744,744.4841342409653
2024-01-04 04:30:00+00:00,2178.5240173129137,2179.773820720416,2178.426314003355,2179.1127617399134,454.83241194617074
2024-01-04 04:45:00+00:00,2178.881888978477,2178.459175468572,2177.4624559986687,2178.2596505672327,709.3737747559973
2024-01-04 05:00:00+00:00,2179.837895480896,2180.470211827637,2179.6729969950716,2179.8876307018054,528.3835213142984
2024-01-04 05:15:00+00:00,2179.903760090682,2180.8503433913434,2179.3764848085916,2179.8828509711266,994.3957924911384
2024-01-04 05:30:00+00:00,2179.7098136743075,2180.193811109391,2179.7959607240227,2179.844308360168,756.0119222116749
2024-01-04 05:45:00+00:00,2183.5591746133396,2184.6364625076794,2180.772121014181,2182.6772789889133,957.242170390892
2024-01-04 06:00:00+00:00,2184.0137810667475,2185.1679225751545,2184.3761345744606,2184.916579867004,851.4725945330672
2024-01-04 06:15:00+00:00,2187.575278808422,2187.6764513817857,2186.712824889159,2187.132136428867,912.6109100470339
2024-01-04 06:30:00+00:00,2191.231425169258,2191.156626613571,2189.979017056425,2190.4272972837593,832.9772774932075
2024-01-04 06:45:00+00:00,2191.434589521735,2191.3732730932443,2189.8094978662457,2190.9114436284062,513.2432173383202
2024-01-04 07:00:00+00:00,2194.543811295947,2193.7644098903047,2191.6083649739458,2192.844576826937,326.60960801219596
2024-01-04 07:15:00+00:00,2192.216202248737,2193.2794878285686,2191.366264094346,2192.6027922983794,433.28815790547
2024-01-04 07:30:00+00:00,2194.4524120799933,2194.364770069662,2193.582921744853,2193.752382168318,118.2126093759554
2024-01-04 07:45:00+00:00,2193.828052081136,2195.1124536483753,2193.53645405015,2193.905636362083,571.5938507182004
2024-01-04 08:00:00+00:00,2195.459574360486,2195.039569571859,2194.5355073357896,2194.5573142517187,554.5520202433679
2024-01-04 08:15:00+00:00,2196.2973967618004,2197.1584161831406,2196.1852329184626,2196.3030258833232,572.7254183474394
2024-01-04 08:30:00+00:00,2194.6618567968003,2195.44803882921,2193.6064182346895,2194.9456455496047,976.6281024748574
2024-01-04 08:45:00+00:00,2200.9408616084556,2201.8250102034212,2198.798744757731,2199.9830826906923,920.3086031093553
2024-01-04 09:00:00+00:00,2197.850386969536,2198.21672313388,2197.3724835933817,2198.2105725200026,245.5415004970972
2024-01-04 09:15:00+00:00,2194.948195601247,2196.7165749431883,2194.8444511173457,2195.982302522868,431.99426940030025
2024-01-04 09:30:00+00:00,2198.5878730583377,2200.1670230347536,2198.3119353391066,2198.9667160894755,481.5605615169357
2024-01-04 09:45:00+00:00,2201.602625397265,2201.574462882263,2200.157327445821,2201.1484309309058,424.479626066483
2024-01-04 10:00:00+00:00,2203.9853920349456,2203.729310697421,2201.0912912032754,2202.963188659301,818.6463672435218
2024-01-04 10:15:00+00:00,2204.870431586774,2205.7248047155867,2204.3458227414694,2204.7887593209457,571.6339028808283
2024-01-04 10:30:00+00:00,2206.1717183234355,2205.5268827502823,2204.4514833492876,2205.202754388938,614.8898352744625
2024-01-04 10:45:00+00:00,2202.6680485508487,2203.744593456424,2202.394526992452,2203.665703048582,867.712203089133
2024-01-04 11:00:00+00:00,2203.9478766032753,2205.946472405937,2203.441748586437,2204.2735679163156,825.3353380738228
2024-01-04 11:15:00+00:00,2203.0100921816875,2203.6153311654293,2203.0023362072325,2203.222023866239,218.9903705382697
2024-01-04 11:30:00+00:00,2205.7283631519704,2206.7946045597105,2205.290878460877,2205.8125953613157,742.5231256752709
2024-01-04 11:45:00+00:00,2205.9912153746864,2206.5638107697046,2205.217336747155,2205.929379947443,491.89251601183196
2024-01-04 12:00:00+00:00,2205.0577246644007,2205.1018800555717,2202.719038016189,2204.550008745347,365.1840127562504
2024-01-04 12:15:00+00:00,2203.955597196116,2204.337281459819,2203.727768987367,2204.282423827908,145.01693881196772
2024-01-04 12:30:00+00:00,2205.7361274643017,2205.6417013731716,2203.358356018453,2205.6339120020734,538.5246043109059
2024-01-04 12:45:00+00:00,2204.7986518791517,2205.559763201977,2204.4819624430215,2204.8318146738707,419.89301265207826
2024-01-04 13:00:00+00:00,2202.780296173607,2204.230270428568,2202.4234216084274,2203.4603500708586,326.36173570876076
2024-01-04 13:15:00+00:00,2204.354690435039,2204.9022185889403,2204.226700814984,2204.438214166069,725.2045566372618
2024-01-04 13:30:00+00:00,2205.3137239110633,2205.9618876859327,2203.270877477177,2205.4193337459674,792.5368485840283
2024-01-04 13:45:00+00:00,2204.621179167008,2205.322384899675,2203.612448355312,2204.7424992128267,320.31056712648234
2024-01-04 14:00:00+00:00,2204.168344665589,2206.518150542718,2203.4243670813294,2204.1450105163353,144.50269301141253
2024-01-04 14:15:00+00:00,2205.1531394925873,2206.3071813406364,2205.067402647373,2205.0975169804183,863.8774305087115
2024-01-04 14:30:00+00:00,2202.029731363921,2202.87436917789,2202.2949226755704,2202.3470860399266,108.963767083873
2024-01-04 14:45:00+00:00,2200.6226289309234,2200.638355912709,2197.949287789032,2199.6894365455723,943.4012445293248
2024-01-04 15:00:00+00:00,2197.6922622262714,2199.311639632347,2197.5155591414523,2198.5493158386785,664.8578865844353
2024-01-04 15:15:00+00:00,2197.9913961366133,2198.9506755771695,2197.903329846239,2198.5197518112586,389.6619716811883
2024-01-04 15:30:00+00:00,2201.6815886045715,2200.8090201422087,2197.4037997984424,2199.6432791704506,321.8301186190626
2024-01-04 15:45:00+00:00,2202.56920756923,2204.0112882764515,2203.279232009015,2203.331553937617,108.10509783802772
2024-01-04 16:00:00+00:00,2204.667852626412,2206.4170234022927,2205.388477268846,2205.663161565013,311.92427530978944
2024-01-04 16:15:00+00:00,2206.2915498438824,2207.2580048904874,2203.906531306291,2205.7515254436526,223.955471365427
2024-01-04 16:30:00+00:00,2204.6232869934292,2207.4876324225415,2205.704889584824,2206.150766846174,650.949598650831
2024-01-04 16:45:00+00:00,2204.2080985452576,2204.6689241729337,2203.591948192448,2204.3809763223803,249.89102973442118
2024-01-04 17:00:00+00:00,2206.358103549515,2205.1881664431517,2204.530798156806,2204.7810788184265,575.7668537829574
2024-01-04 17:15:00+00:00,2203.4503000906366,2204.743670669987,2204.2283965751794,2204.585614593786,631.1047801100237
2024-01-04 17:30:00+00:00,2204.281061995228,2207.6972486853774,2205.086010348212,2205.7382936495105,368.2375285122231
2024-01-04 17:45:00+00:00,2203.2536441674624,2204.8056281160566,2203.605496485721,2204.355220136951,131.55845411684683
2024-01-04 18:00:00+00:00,2206.6020620633353,2207.0768525067847,2205.602428705988,2205.94148584966,133.5284925527765
2024-01-04 18:15:00+00:00,2210.5956181617444,2211.2616631182723,2208.8560194385095,2209.767119957372,123.71259897452585
2024-01-04 18:30:00+00:00,2209.5911462388285,2211.6509310918277,2209.663108455734,2209.9687479794575,765.2122004228916
2024-01-04 18:45:00+00:00,2211.8025078434293,2212.5291555247986,2209.9771296967865,2211.2989122281665,386.20873433286835
2024-01-04 19:00:00+00:00,2214.2938322820446,2213.9645273148044,2212.6079129468326,2213.268162997105,816.6701673708973
2024-01-04 19:15:00+00:00,2214.1412132678447,2214.5197868005325,2210.5016688803353,2212.8228529371895,488.55954145856424
2024-01-04 19:30:00+00:00,2213.57971764051,2214.3545618173625,2213.1796827331086,2213.7614934938315,507.6982907469675
2024-01-04 19:45:00+00:00,2212.5335081537237,2216.122415853845,2214.196294068323,2214.2321723940972,561.5943422586163
2024-01-04 20:00:00+00:00,2214.2853419471976,2216.1278846878176,2214.1466532211616,2214.8913945009217,741.7283107375935
2024-01-04 20:15:00+00:00,2213.3076758068,2214.990413879135,2213.3754849266484,2213.6226036112084,346.15257924673637
2024-01-04 20:30:00+00:00,2213.9285330421153,2214.2922288093073,2212.190896566863,2214.1196402004866,209.4286145801742
2024-01-04 20:45:00+00:00,2215.5268868733533,2216.273042072292,2215.060708389328,2215.6656314128045,600.4516016723153
2024-01-04 21:00:00+00:00,2220.154766487594,2219.5046018646503,2218.1151484242723,2219.327035477248,394.2798609184653
2024-01-04 21:15:00+00:00,2222.8452131641548,2222.4587842901105,2221.75097419859,2221.9013284260745,498.24218230123364
2024-01-04 21:30:00+00:00,2227.0085774764666,2228.3803239143854,2226.0286395490107,2227.136024336162,682.2520375035748
2024-01-04 21:45:00+00:00,2226.6878517221703,2227.4849100462798,2225.1538587041196,2225.872822511656,544.7131670271435
2024-01-04 22:00:00+00:00,2228.526606351192,2228.6617812780114,2225.6186140927152,2228.2609520654164,658.2509353907586
2024-01-04 22:15:00+00:00,2229.1632322487594,2230.5932584257057,2226.8392974763296,2229.1153018317036,589.780001902265
2024-01-04 22:30:00+00:00,2235.124027447429,2234.9107519775425,2234.1189246499,2234.448818607139,765.8167347424892
2024-01-04 22:45:00+00:00,2233.1438023171936,2233.3806354421286,2232.2230243004356,2233.0900205412327,735.342955940458
2024-01-04 23:00:00+00:00,2233.192700536292,2232.737312969786,2231.486592724737,2231.6619209214996,580.7709026277573
2024-01-04 23:15:00+00:00,2229.7012009926,2231.8383816817336,2230.5742699759476,2230.7707895306735,711.0127187737362
2024-01-04 23:30:00+00:00,2226.1008051852896,2226.8658639216796,2225.740781245558,2226.4831449598237,886.2036420453514
2024-01-04 23:45:00+00:00,2225.6641082003252,2225.81211919471,2225.5377177145915,2225.757975014954,489.04415900935174
2024-01-05 00:00:00+00:00,2224.8396850838785,2224.5503075731094,2223.838163635951,2224.51382888819,471.48676547391426
2024-01-05 00:15:00+00:00,2226.2339493294194,2226.1373586251443,2224.8435092448767,2225.2934212859523,787.8210587671421
2024-01-05 00:30:00+00:00,2226.4812061173297,2226.755807431119,2225.7353139026104,2226.499313915067,624.2984533377946
2024-01-05 00:45:00+00:00,2230.068983980784,2232.1577494598364,2229.528473243395,2231.1267088331533,163.9061022003297
2024-01-05 01:00:00+00:00,2234.3222335104215,2234.689143009113,2233.532050079702,2233.6949271715603,902.9008141219732
2024-01-05 01:15:00+00:00,2233.4151020550207,2234.0089779171303,2232.199754163922,2232.8531980232356,127.70479201387613
2024-01-05 01:30:00+00:00,2229.8499989949787,2233.353979251046,2230.719856625294,2231.294285037987,773.5567205887688
2024-01-05 01:45:00+00:00,2232.8358632337918,2233.8764184805764,2231.923314157374,2232.8386945727448,782.9147284338816
2024-01-05 02:00:00+00:00,2229.156610012994,2232.007678645596,2229.977100741253,2230.338795017843,957.7999767537374
2024-01-05 02:15:00+00:00,2234.379104334549,2235.6006024140506,2234.278954293467,2234.8742415403553,148.72096756208867
2024-01-05 02:30:00+00:00,2237.285760838251,2238.052609420713,2237.0196772791733,2237.959244032815,637.1711747060418
2024-01-05 02:45:00+00:00,2237.960458954076,2238.9786078455254,2235.8382953313617,2237.3569209629086,485.05651356434765
2024-01-05 03:00:00+00:00,2234.061057486129,2235.003764414254,2232.968020707904,2233.974058959994,397.5696593735878
2024-01-05 03:15:00+00:00,2236.4892535521585,2238.571219160302,2236.369394125637,2237.4480679190838,181.28670426916574
2024-01-05 03:30:00+00:00,2238.2957121397726,2237.87118350774,2236.4309008119812,2237.6392887479715,606.3887077041783
2024-01-05 03:45:00+00:00,2239.787931558077,2240.9366125180454,2239.802589055632,2240.8589170800474,531.1366531071523
2024-01-05 04:00:00+00:00,2237.982614888687,2238.5439081989034,2237.191148680995,2237.7363790093036,194.09901233592183
2024-01-05 04:15:00+00:00,2236.2359234428404,2237.040621680549,2235.6439920942757,2236.842861427751,651.240556387375
2024-01-05 04:30:00+00:00,2237.0292964255323,2237.913550674085,2236.318395882355,2237.3020064490183,764.1578082276446
2024-01-05 04:45:00+00:00,2238.2308064149324,2238.1586071948987,2237.464592265596,2237.8546448696757,790.5504709482834
2024-01-05 05:00:00+00:00,2237.6839833858444,2239.1671077413143,2237.1550785886384,2237.2951046565636,914.8358694361847
2024-01-05 05:15:00+00:00,2240.1347059661107,2240.637558254688,2238.18867795532,2239.136820405996,468.5236676998995
2024-01-05 05:30:00+00:00,2237.1336028979376,2238.648650369936,2237.066052549759,2237.194942084895,957.7654917599233
2024-01-05 05:45:00+00:00,2237.5523973987933,2238.2520441890492,2236.8932331701612,2237.3238541235187,878.8864645744175
2024-01-05 06:00:00+00:00,2237.714015992949,2238.948543160968,2237.435286350039,2238.0405739557077,366.85141392154515
2024-01-05 06:15:00+00:00,2239.7759523091086,2240.9259366102524,2238.6589365679943,2239.640088363509,243.35473361451264
2024-01-05 06:30:00+00:00,2242.0111045810972,2242.600428332668,2240.933599556321,2241.6827084896163,491.8504565152121
2024-01-05 06:45:00+00:00,2239.537520347685,2241.3330968368123,2239.542519413382,2239.6109122833996,461.70883716036997
2024-01-05 07:00:00+00:00,2235.2802366931032,2237.880363733012,2235.4413404447196,2236.625007839978,618.1473747980839
2024-01-05 07:15:00+00:00,2240.1799506508264,2240.9600320194922,2237.134715864221,2239.932459844098,625.0476090949732
2024-01-05 07:30:00+00:00,2241.3974673151,2242.2654780271864,2240.9004971280788,2241.125124686302,774.9882859419777
2024-01-05 07:45:00+00:00,2239.388395438045,2240.2002954365057,2239.2142923668625,2239.8962347742668,558.9009533850492
2024-01-05 08:00:00+00:00,2242.8614245285353,2244.4407771731517,2243.5280542094574,2243.82206985446,194.34037684668897
2024-01-05 08:15:00+00:00,2245.6347179654117,2244.9127308184966,2242.3425740085536,2244.5304993765117,872.4622019977955
2024-01-05 08:30:00+00:00,2247.996705668509,2248.067579666687,2247.2342204304905,2247.628510021373,378.78812486666834
2024-01-05 08:45:00+00:00,2248.05819701571,2249.7209797534006,2245.7361947703616,2248.229872621366,974.1677142759328
2024-01-05 09:00:00+00:00,2252.4642709671807,2254.498273381717,2251.7751170149,2253.3183033028654,206.07409781179314
2024-01-05 09:15:00+00:00,2257.1101407565075,2259.0489274416254,2256.5026107864555,2257.7286190424006,962.4260550092529
2024-01-05 09:30:00+00:00,2258.5983245303964,2257.877012334374,2256.2009630500324,2257.6180739894667,181.91062619426526
2024-01-05 09:45:00+00:00,2260.3683011973794,2260.313718432492,2259.1956258993346,2260.264583727556,307.9325241523535
2024-01-05 10:00:00+00:00,2261.760989954986,2263.907982384,2261.157517919944,2262.1761649348828,141.92194787788742
2024-01-05 10:15:00+00:00,2266.1124094368656,2266.3100510364347,2264.4441794815566,2265.727470472669,734.6018319750955
2024-01-05 10:30:00+00:00,2263.3804272388384,2264.6425926548113,2263.598406840356,2263.9950250537686,865.2688629146126
2024-01-05 10:45:00+00:00,2267.135567864913,2266.0723926127125,2265.0453101814774,2266.0019301304337,490.6639736343824
2024-01-05 11:00:00+00:00,2269.8784203519253,2270.1308150058603,2268.73905604358,2268.8553174562394,935.6698675381867
2024-01-05 11:15:00+00:00,2264.969204508125,2265.6999141058564,2264.774638070407,2265.321517935861,631.2691645800396
2024-01-05 11:30:00+00:00,2262.620969087816,2263.734094448871,2261.079750420648,2263.0952159639737,667.0064219018709
2024-01-05 11:45:00+00:00,2256.9652848048527,2260.088362436701,2256.4174408314866,2258.9366838467604,860.8772815306929
2024-01-05 12:00:00+00:00,2257.66438201906,2258.806503205736,2258.523888730709,2258.779903643195,367.120184546655
2024-01-05 12:15:00+00:00,2259.8439325009176,2261.050475464011,2260.218580892655,2260.8533807572962,418.83914919486324
2024-01-05 12:30:00+00:00,2264.807493745657,2264.9605663503476,2264.0791455540566,2264.7054383121767,915.3567272751799
2024-01-05 12:45:00+00:00,2265.0799254044637,2265.744816860303,2264.5380880145244,2265.326267331117,910.8671464348874
2024-01-05 13:00:00+00:00,2268.454733957817,2269.621654625493,2268.140920437665,2269.472467907413,978.8344985807838
2024-01-05 13:15:00+00:00,2266.583392635071,2267.7320799415065,2266.4869381753865,2266.7958397956572,911.654484797504
2024-01-05 13:30:00+00:00,2263.771797552188,2263.8848231336997,2263.005085167079,2263.390539112506,214.6348324300248
2024-01-05 13:45:00+00:00,2264.115807760246,2265.5359330606243,2263.151423427838,2263.7175146997956,841.3518575232886
2024-01-05 14:00:00+00:00,2263.605783646197,2267.021498890967,2263.503303363068,2265.040060075223,468.8546302986347
2024-01-05 14:15:00+00:00,2265.3221880314236,2266.9838310649834,2265.1662772851664,2265.41904487524,991.7212203513441
2024-01-05 14:30:00+00:00,2260.1497870868466,2262.6534809892514,2260.5684934647074,2261.1924536620904,525.0528678959209
2024-01-05 14:45:00+00:00,2262.1229245658224,2262.2230560015946,2260.6740375067675,2261.443188492484,598.4524742519985
2024-01-05 15:00:00+00:00,2259.5373206348704,2259.51496891238,2256.759361540157,2258.946872269996,576.7974237311187
2024-01-05 15:15:00+00:00,2260.2354839316135,2261.210131595978,2260.051592120804,2260.9122708568,389.56332687245003
2024-01-05 15:30:00+00:00,2261.6160152328825,2262.5264587470137,2261.200261984581,2262.19366276697,167.51988000362635
2024-01-05 15:45:00+00:00,2260.1729625586304,2260.7854722604075,2260.40763218227,2260.5205304378524,906.0861073617267
2024-01-05 16:00:00+00:00,2258.1141766245573,2260.696720351229,2259.267943182212,2259.8111391604375,822.4082312736582
2024-01-05 16:15:00+00:00,2258.1231703059066,2258.6498888551814,2256.1806237863857,2257.8703127842896,225.57410250370236
2024-01-05 16:30:00+00:00,2257.975009462151,2259.2148501702914,2257.6215261932493,2258.18038686322,799.0914442150656
2024-01-05 16:45:00+00:00,2261.5215346235823,2261.730701618632,2260.227960214293,2260.7904137814626,663.261999445549
2024-01-05 17:00:00+00:00,2258.1876420107446,2259.090627926254,2257.716186528321,2259.0147495522183,468.22940912586006
2024-01-05 17:15:00+00:00,2260.1392300546004,2261.4147865999116,2260.2705392545513,2260.6057610224652,328.61903418600644
2024-01-05 17:30:00+00:00,2258.724456977055,2260.6299728690024,2258.4269449867857,2259.8593020164226,873.7559051520092
2024-01-05 17:45:00+00:00,2257.7638198503055,2260.1993774327943,2258.1938409524887,2258.5198899212764,730.1694333646477
2024-01-05 18:00:00+00:00,2257.8399474485686,2259.3849652556146,2257.4230665264895,2258.7298734633737,592.9659185222232
2024-01-05 18:15:00+00:00,2257.5933267691644,2257.114223651599,2255.3397429234915,2256.844074337397,648.6116805086177
2024-01-05 18:30:00+00:00,2255.5209804743727,2256.609740429086,2254.2959425439226,2256.0460841108925,181.95956387396288
2024-01-05 18:45:00+00:00,2253.889237350979,2254.3278468688527,2253.049883594494,2253.7959484659204,526.5277848200727
2024-01-05 19:00:00+00:00,2258.393407457025,2258.76586102111,2257.3377517110025,2258.6800816957393,274.3302635071318
2024-01-05 19:15:00+00:00,2258.2555324521913,2260.0504676482883,2257.12247917136,2259.211529307202,287.54531110794284
2024-01-05 19:30:00+00:00,2257.9561469574896,2258.627304761417,2257.1309248869347,2258.0828257225317,695.1735660581801
2024-01-05 19:45:00+00:00,2259.4689485378617,2260.415770903957,2257.704383635944,2259.0178201702606,920.1305366508593
2024-01-05 20:00:00+00:00,2258.306351616921,2260.1976869424357,2258.5606902953286,2259.2158813504157,463.3809494305119
2024-01-05 20:15:00+00:00,2259.7778143733126,2260.170776752886,2257.862237897748,2259.168506994837,286.9743457109713
2024-01-05 20:30:00+00:00,2260.368186961717,2261.8714939521365,2260.047577392037,2261.0085957308615,683.8722435129888
2024-01-05 20:45:00+00:00,2262.8102067157015,2263.217495666875,2262.7019234672193,2263.1745656947437,884.068341715286
2024-01-05 21:00:00+00:00,2262.826918051248,2263.199698376013,2262.3051649833033,2262.4267074943427,773.4869210102418
2024-01-05 21:15:00+00:00,2261.076468790451,2261.813295640209,2261.1385708821504,2261.57660602137,881.8815074829284
2024-01-05 21:30:00+00:00,2261.435201243251,2262.620097196313,2261.041450291821,2261.4068772281466,582.8992039097194
2024-01-05 21:45:00+00:00,2256.4218536971935,2259.3257968444705,2255.2100021227207,2256.6585702824514,776.6886199322718
2024-01-05 22:00:00+00:00,2253.789769186373,2254.5782693936885,2252.23333424286,2253.6925839472706,226.05810342304284
2024-01-05 22:15:00+00:00,2255.435315607901,2258.7852701342886,2256.6123904948504,2257.226604823945,413.44715382687235
2024-01-05 22:30:00+00:00,2260.015748011147,2261.738486009319,2260.438611912831,2261.3949590890297,450.5942480333702
2024-01-05 22:45:00+00:00,2261.748364081659,2262.099900854999,2260.702851224225,2261.284071955118,560.1661716214312
2024-01-05 23:00:00+00:00,2263.8231644485886,2263.3019998545506,2262.518946893645,2263.040769846352,936.1687242311414
2024-01-05 23:15:00+00:00,2263.510871521611,2265.8432805699836,2263.341539464018,2264.1980455931694,886.8669041999568
2024-01-05 23:30:00+00:00,2271.4494846332864,2273.1546770902673,2270.0503742979395,2271.634265688817,221.07294306026608
2024-01-05 23:45:00+00:00,2274.8572953789094,2275.4219039900695,2273.435227225207,2274.633835917327,255.51068669421687
2024-01-06 00:00:00+00:00,2275.3234462046144,2275.4869083441827,2273.4391538327623,2274.7978029122164,421.8764946300202
2024-01-06 00:15:00+00:00,2271.5433929066544,2275.03389183962,2272.7549234568837,2273.079750288773,361.66947930160654
2024-01-06 00:30:00+00:00,2269.2146295992866,2272.1464231531554,2268.925831603994,2269.885032764301,653.2938578406361
2024-01-06 00:45:00+00:00,2270.549293073537,2271.67149589269,2270.172715469334,2270.80103360671,912.4984429880905
2024-01-06 01:00:00+00:00,2270.069957601331,2270.1616435381716,2269.499525835165,2269.5380231302584,966.0623875053282
2024-01-06 01:15:00+00:00,2268.653551971486,2267.7400086057814,2264.9582973021993,2266.7657664080693,688.2426572817038
2024-01-06 01:30:00+00:00,2265.581514668138,2266.1922876299773,2265.277115399547,2265.753716275755,854.343281260978
2024-01-06 01:45:00+00:00,2262.6955406088096,2263.808625727269,2263.1030895736767,2263.757225740907,572.6819802077174
2024-01-06 02:00:00+00:00,2268.337408883651,2268.062080644967,2267.034054705504,2268.033289753485,287.49425217403575
2024-01-06 02:15:00+00:00,2271.4875802247834,2272.667109196888,2270.486306964799,2270.487811944856,572.2195708841297
2024-01-06 02:30:00+00:00,2271.005613534353,2270.93956182036,2270.4748641133724,2270.9238495865447,599.5743412938859
2024-01-06 02:45:00+00:00,2274.0546172412214,2275.526557503453,2273.6529699085995,2274.742081107367,768.211807792201
2024-01-06 03:00:00+00:00,2276.0997078630535,2275.9341291834007,2274.7026346222815,2275.373109978398,297.89469073661417
2024-01-06 03:15:00+00:00,2274.3718776762034,2275.510254071759,2273.347497011233,2273.8689390856803,431.47934387805856
2024-01-06 03:30:00+00:00,2277.011409354892,2279.2215047972454,2276.8147807046785,2277.790475079415,427.6247222931097
2024-01-06 03:45:00+00:00,2279.7639959307385,2280.4010194280777,2277.562410434925,2279.474179315239,963.4956361670484
2024-01-06 04:00:00+00:00,2278.3236099178334,2277.8841753480037,2276.64958093292,2277.5664970359844,499.55046429404706
2024-01-06 04:15:00+00:00,2278.485787835695,2277.9070907168575,2276.362192969356,2277.5885014453934,779.5845705683319
2024-01-06 04:30:00+00:00,2275.9998270417063,2276.9497038492796,2273.581093372612,2276.0502407771237,775.7302432369951
2024-01-06 04:45:00+00:00,2273.088372855006,2273.7462501095993,2272.002309609949,2273.359720651585,338.98976632291726
2024-01-06 05:00:00+00:00,2276.8524290640403,2276.5707046484504,2274.830317302888,2275.9213694914097,614.6827204345589
2024-01-06 05:15:00+00:00,2279.8072876098836,2281.8313855713945,2279.184951228834,2280.7273029765943,904.8726039867832
2024-01-06 05:30:00+00:00,2278.3283619307254,2278.372694213474,2276.1916312558074,2277.995334737848,527.6779475112545
2024-01-06 05:45:00+00:00,2278.6929395253046,2280.4319067654783,2279.263274465008,2279.7340383038995,950.6057566082915
2024-01-06 06:00:00+00:00,2279.516151310886,2279.943294557459,2278.4630257753697,2278.706924547937,293.01240639174546
2024-01-06 06:15:00+00:00,2277.856796769879,2278.9929082294902,2277.6205911146462,2278.0527438681725,166.74319519662765
2024-01-06 06:30:00+00:00,2278.121947090154,2280.5168036620767,2276.3728671143267,2277.1590251687435,902.3084858302744
2024-01-06 06:45:00+00:00,2276.0202752042424,2277.0637404621543,2275.3452891398933,2275.64751446505,862.913078165995
2024-01-06 07:00:00+00:00,2275.285029054054,2277.75079897879,2275.464527781432,2276.2131323712038,993.3308883404602
2024-01-06 07:15:00+00:00,2275.8576454065296,2276.281557154875,2274.698323176137,2274.7774084130865,711.4541393011834
2024-01-06 07:30:00+00:00,2277.0246441480604,2276.3961716683116,2274.497136577048,2275.8478447493017,943.0191340004345
2024-01-06 07:45:00+00:00,2276.858122398317,2276.8115445238473,2274.984813203003,2276.1887055484794,844.2541225756997
2024-01-06 08:00:00+00:00,2275.5222374435543,2276.724711434158,2275.429615091841,2276.100054170509,859.9836998080782
2024-01-06 08:15:00+00:00,2274.2581295334567,2274.780085326272,2273.426135829834,2274.4901381072264,612.2274134088415
2024-01-06 08:30:00+00:00,2273.7435529072636,2273.7759553446335,2273.431076843912,2273.633336850737,444.12813812503975
2024-01-06 08:45:00+00:00,2275.2727479235327,2276.179679366866,2274.767893626795,2275.8065841769167,941.1022652889536
2024-01-06 09:00:00+00:00,2278.687013282339,2277.5001017576606,2276.9269668377856,2277.4022952928194,488.90545805430503
2024-01-06 09:15:00+00:00,2275.741655452688,2278.157333134824,2275.2407073776353,2275.632177464982,584.9374305247022
2024-01-06 09:30:00+00:00,2274.262227143033,2276.5749976441725,2275.9169821562114,2276.313449649271,501.50287641266897
2024-01-06 09:45:00+00:00,2278.7378739618316,2279.4500917929277,2277.4572914834025,2278.4801354690912,608.3364825641775
2024-01-06 10:00:00+00:00,2274.8705483350905,2275.333898092344,2274.5797856328372,2275.134583313069,523.4545710930945
2024-01-06 10:15:00+00:00,2276.7695916305543,2280.224914890705,2275.603421648106,2276.8264565523104,143.17080272152828
2024-01-06 10:30:00+00:00,2275.493754764232,2276.191538642081,2275.208539056581,2275.7733861449897,893.8433674069288
2024-01-06 10:45:00+00:00,2278.140460170964,2277.8848062459565,2275.1647608366766,2277.527769962474,499.9544370241928
2024-01-06 11:00:00+00:00,2277.0948541542853,2277.294415974059,2274.902162208974,2276.2452928091693,630.0492836566139
2024-01-06 11:15:00+00:00,2272.809539060968,2273.143594383968,2271.294859895944,2272.595117316138,225.26902248218835
2024-01-06 11:30:00+00:00,2269.096533565568,2269.829877265014,2267.7784239035195,2269.353205875675,103.04906318437523
2024-01-06 11:45:00+00:00,2269.884990754227,2270.60501810237,2269.0493185660926,2269.9162680854515,320.76108427927863
2024-01-06 12:00:00+00:00,2270.9748762238314,2273.2952037028385,2270.89973786291,2270.9600395751518,734.1274289200152
2024-01-06 12:15:00+00:00,2268.754126620417,2270.644324928004,2268.7359394569626,2269.3611278005,189.27507710159074
2024-01-06 12:30:00+00:00,2271.7032952260447,2271.8028670796334,2271.074191420528,2271.264995101324,917.998696347821
2024-01-06 12:45:00+00:00,2268.295704330928,2268.998412398958,2266.8760750532824,2267.947920320375,293.52031242056614
2024-01-06 13:00:00+00:00,2269.4163675029877,2268.881685943236,2267.683658655807,2268.251664700822,284.13425286259826
2024-01-06 13:15:00+00:00,2266.9077750052084,2267.0004376359484,2264.9642913181856,2265.9595843830757,263.357165459346
2024-01-06 13:30:00+00:00,2264.418303364726,2265.4086278487675,2264.0951623426267,2264.935973293671,112.58354167422827
2024-01-06 13:45:00+00:00,2266.115845764375,2265.830647330692,2264.7741586279776,2265.496384763749,794.6249216304111
2024-01-06 14:00:00+00:00,2263.283061560596,2265.105339481851,2263.755429238801,2264.00071460689,887.5310781207327
2024-01-06 14:15:00+00:00,2264.1080192828326,2264.6224181729986,2263.239590261626,2263.582919277277,652.746432354579
2024-01-06 14:30:00+00:00,2265.924840467615,2267.726704712881,2266.0671007091973,2266.315110655958,269.37998351187605
2024-01-06 14:45:00+00:00,2264.6884023958532,2265.5233414051336,2264.593169026304,2265.4611158589314,356.75019724679174
2024-01-06 15:00:00+00:00,2268.020347936053,2268.6132471858296,2266.6291713605306,2267.8086515190575,528.334027628467
2024-01-06 15:15:00+00:00,2263.6813107150983,2267.126932127308,2263.4976186225713,2265.7012340627125,958.9113564609708
2024-01-06 15:30:00+00:00,2266.03199452613,2267.6013831940927,2265.290831182001,2267.355355808302,322.6162346359685
2024-01-06 15:45:00+00:00,2270.9460657450595,2271.4307264719578,2270.4017561696464,2271.080431859744,758.4813135278993
2024-01-06 16:00:00+00:00,2265.9894688727845,2268.6765813053553,2265.507763263412,2265.927199858977,495.5034009636283
2024-01-06 16:15:00+00:00,2264.2962988791455,2265.0653172566417,2263.9134705898255,2264.5750822405803,368.06261352401964
2024-01-06 16:30:00+00:00,2265.142326795579,2267.8965760424385,2266.2216484693486,2266.3355043157753,510.32434331990237
2024-01-06 16:45:00+00:00,2265.7107319012525,2266.9685841995606,2266.2635693639077,2266.3286024597714,164.0860457871093
2024-01-06 17:00:00+00:00,2267.919081544475,2268.7814327244637,2267.157889920634,2267.6233764059707,818.8186338373262
2024-01-06 17:15:00+00:00,2267.147051533375,2269.0744195929396,2266.445591714656,2266.7074751705745,318.9717351846704
2024-01-06 17:30:00+00:00,2267.3449222788436,2269.155178807524,2265.77776371305,2267.3571834795835,752.8709108736734
2024-01-06 17:45:00+00:00,2268.3320384597073,2269.5890057390834,2266.506086947306,2267.4576812454616,161.51353430337525
2024-01-06 18:00:00+00:00,2270.8619625858464,2272.685261624808,2269.5702906171473,2270.5611911661963,959.5887005491174
2024-01-06 18:15:00+00:00,2271.0272442355617,2272.035738427564,2270.4958584372994,2271.593215966484,273.71348686512874
2024-01-06 18:30:00+00:00,2272.602249113845,2273.801493117477,2272.7245412581365,2272.814758849472,894.4678685863724
2024-01-06 18:45:00+00:00,2271.2706596262324,2272.9406804907794,2271.9918733823324,2272.3332527656335,828.525888653891
2024-01-06 19:00:00+00:00,2271.597923830278,2274.6735970115406,2270.537607379839,2271.6798095506438,971.0739316732744
2024-01-06 19:15:00+00:00,2271.9934895930287,2271.155406379608,2270.742579509553,2271.1515732360485,530.1015948511747
2024-01-06 19:30:00+00:00,2273.021173227165,2272.8745526623734,2271.891164968635,2272.5020655161707,754.6575644613564
2024-01-06 19:45:00+00:00,2273.0617216758114,2273.049904158511,2271.2553945819595,2271.9999333108153,433.6395913340057
2024-01-06 20:00:00+00:00,2272.8834768413826,2274.265324322391,2271.896641137216,2273.112974300517,265.9314142177244
2024-01-06 20:15:00+00:00,2279.313375369725,2278.388716455252,2276.3328688365687,2278.291106306377,498.76833964010393
2024-01-06 20:30:00+00:00,2280.585789183162,2281.788070734715,2279.710599986064,2280.7327476096657,249.1741138496094
2024-01-06 20:45:00+00:00,2281.563962837858,2280.7365340710744,2280.1952862269104,2280.44533972334,983.8401605077455
2024-01-06 21:00:00+00:00,2283.6263335725853,2284.665296909755,2282.7388092676188,2283.642971241809,186.62184202664474
2024-01-06 21:15:00+00:00,2283.7060934561164,2283.6337321687947,2282.516416868562,2283.167850810865,630.2905511073584
2024-01-06 21:30:00+00:00,2280.0955400556895,2280.1096778499536,2278.003581330138,2278.974958675858,663.8174697286503
2024-01-06 21:45:00+00:00,2276.9872738818076,2277.875456365815,2275.7345861585068,2277.134094097735,584.2715885866488
2024-01-06 22:00:00+00:00,2273.498143714895,2274.308425920156,2271.682080151619,2273.332653442716,695.9672971406502
2024-01-06 22:15:00+00:00,2273.964762786768,2273.2548838824528,2272.9721584279555,2272.988238984384,204.56269751070187
2024-01-06 22:30:00+00:00,2273.383962058451,2273.528222362979,2272.8067894916194,2273.484755613665,599.5166717847619
2024-01-06 22:45:00+00:00,2276.7519226475515,2279.4045802646774,2277.4140808709185,2277.7548122318576,358.4913140146254
2024-01-06 23:00:00+00:00,2280.583278984272,2279.296814709407,2278.033594416554,2278.9553398608036,946.158456970951
2024-01-06 23:15:00+00:00,2278.5549604290013,2278.9690169717665,2278.2458499905874,2278.911811024394,785.8644880957531
2024-01-06 23:30:00+00:00,2281.3796646503606,2284.2482972689154,2280.4042039646074,2281.2589434300194,975.2630339437684
2024-01-06 23:45:00+00:00,2277.552917465177,2277.941427509408,2276.4234499062386,2276.6756333930502,133.8004627661706
2024-01-07 00:00:00+00:00,2277.205620201837,2279.3350570159514,2276.3272382486457,2277.66760248545,356.6198576626378
2024-01-07 00:15:00+00:00,2279.1140451783863,2281.0163436549874,2277.8046736642173,2279.879984472502,275.8803279745141
2024-01-07 00:30:00+00:00,2277.1594078448807,2277.286323933942,2276.3219931958643,2276.966824042621,110.03912858064746
2024-01-07 00:45:00+00:00,2278.6658089358048,2282.033416539401,2279.0805090573126,2280.0285640707384,318.0931572216893
2024-01-07 01:00:00+00:00,2281.037752679779,2281.681115948195,2281.0177543863274,2281.2566819003173,710.898385168386
2024-01-07 01:15:00+00:00,2280.9518996906395,2281.2093982259717,2279.6428620702486,2280.765607771258,307.98002992111174
2024-01-07 01:30:00+00:00,2282.4603757955856,2282.726407462953,2282.6589828090764,2282.665779114549,558.1031009343565
2024-01-07 01:45:00+00:00,2287.1352185865853,2289.7124719530784,2287.415496270962,2288.3125179579674,899.0363034684988
2024-01-07 02:00:00+00:00,2290.402971046645,2290.4415254454225,2288.971031499102,2289.18651415381,724.3821283141677
2024-01-07 02:15:00+00:00,2290.291846129068,2290.9292717281237,2288.846563387422,2290.2128046604194,455.1661629154288
2024-01-07 02:30:00+00:00,2290.7111543374876,2291.1291766783957,2288.449449559825,2289.6188900297097,435.2220450208975
2024-01-07 02:45:00+00:00,2287.933145055062,2288.363700624366,2287.0801784294877,2288.131477431499,510.16223260763627
2024-01-07 03:00:00+00:00,2289.8183499098745,2291.4064764539726,2289.963816519361,2290.4902361938066,259.3372969539157
2024-01-07 03:15:00+00:00,2289.1933594180396,2289.060678948531,2287.752102265632,2288.987975454811,670.6006906743893
2024-01-07 03:30:00+00:00,2289.444982287891,2291.0262968790453,2288.9072336605395,2289.6096717183823,427.737537194145
2024-01-07 03:45:00+00:00,2288.075410993814,2289.497408598692,2288.7494375831907,2288.974032791869,867.1288143358393
2024-01-07 04:00:00+00:00,2291.650922081415,2290.577771817868,2289.903657652033,2290.5287277253115,780.8973940520347
2024-01-07 04:15:00+00:00,2291.276059442776,2291.8179091747525,2289.263071404462,2291.75142233224,649.461847682944
2024-01-07 04:30:00+00:00,2293.181760039148,2295.562712115444,2294.5800036654955,2294.589311898347,427.78200038456447
2024-01-07 04:45:00+00:00,2294.89361216286,2296.455106913613,2293.6967431354187,2293.87806183831,288.93864850613596
2024-01-07 05:00:00+00:00,2293.332210414732,2294.4135824844584,2293.399478758854,2293.7177828569747,798.5366776950606
2024-01-07 05:15:00+00:00,2291.4678503118075,2292.174337982107,2290.4524579774006,2291.932214031789,537.7681890919779
2024-01-07 05:30:00+00:00,2290.023992039172,2292.7472927107005,2290.88915121808,2291.372378824118,302.2750343596217
2024-01-07 05:45:00+00:00,2294.0260540765053,2293.2594624126123,2291.1936355387043,2292.695571131199,275.6571535360056
2024-01-07 06:00:00+00:00,2293.904299214443,2297.0439465668446,2294.6429019902957,2294.8907048856827,248.86081405122312
2024-01-07 06:15:00+00:00,2293.2786921163975,2293.9445843536373,2292.159085034707,2293.2340126706717,799.4450765850355
2024-01-07 06:30:00+00:00,2296.3865455059004,2296.417478573183,2293.811380310618,2295.6881816096497,306.08846677028055
2024-01-07 06:45:00+00:00,2299.58543289505,2300.629898093139,2297.754256694888,2299.262220291146,573.9780371726778
2024-01-07 07:00:00+00:00,2300.627352329152,2301.3913080079574,2299.4167702930613,2300.6731006861323,506.3917248757508
2024-01-07 07:15:00+00:00,2304.148388571122,2305.6688014338415,2305.163674349279,2305.4560938787,621.6498093054555
2024-01-07 07:30:00+00:00,2303.5117227767223,2304.830333776577,2303.7359747153355,2304.133627517765,889.4394103340749
2024-01-07 07:45:00+00:00,2301.8719487269395,2304.266166724206,2301.1647949064413,2301.727860303524,880.9726510735576
2024-01-07 08:00:00+00:00,2297.4939420040764,2299.1277153209016,2297.3082892754114,2298.0969427786335,505.9684646423737
2024-01-07 08:15:00+00:00,2302.153968560842,2303.4653040585713,2301.032359612126,2301.997924209247,113.82962566125097
2024-01-07 08:30:00+00:00,2304.4890836777467,2304.7160546763334,2303.8873637787233,2303.9655125769677,483.79942514287285
2024-01-07 08:45:00+00:00,2305.0375624511303,2305.6090480993184,2301.9710070183482,2304.2982645413417,645.5741836817264
2024-01-07 09:00:00+00:00,2304.4622410652987,2305.636780623575,2303.7423876093185,2305.4045208769344,601.9882831882555
2024-01-07 09:15:00+00:00,2304.9583722933016,2303.2793914437934,2302.681812672178,2303.271881262795,686.2024952201849
2024-01-07 09:30:00+00:00,2309.9646348781307,2310.065256020334,2309.309330611618,2309.3738359721433,238.66815922577513
2024-01-07 09:45:00+00:00,2310.1329359473166,2310.9062340511573,2309.776589716543,2310.1342559223535,681.8815889026594
2024-01-07 10:00:00+00:00,2311.688361564117,2311.697392451092,2309.5249616154524,2310.8491100163396,264.38645686939503
2024-01-07 10:15:00+00:00,2314.8131285908003,2313.0842349771347,2309.7078463790053,2312.9894075504094,775.4715826270741
2024-01-07 10:30:00+00:00,2313.4551073797707,2315.094313798587,2314.5458883039,2314.565111163316,405.178851936412
2024-01-07 10:45:00+00:00,2315.372557602038,2317.231938391995,2315.423912181425,2315.5464263043045,738.9058900433082
2024-01-07 11:00:00+00:00,2312.3448529025477,2314.9947361958166,2313.654660851373,2314.1795588790374,143.0790390154964
2024-01-07 11:15:00+00:00,2315.882688939217,2316.6476017302994,2313.735238305504,2315.733979039128,467.07402303182204
2024-01-07 11:30:00+00:00,2320.8430563526367,2320.6576789252013,2319.5308657385594,2320.5604165478885,734.5310700369995
2024-01-07 11:45:00+00:00,2324.1190901499594,2325.78848859501,2323.252544863472,2324.14942968605,304.1834646983447
2024-01-07 12:00:00+00:00,2327.8128142256332,2328.797831889594,2327.9060668792745,2328.3208022686795,815.7583403175003
2024-01-07 12:15:00+00:00,2326.006157606847,2328.5984375975754,2326.128151303048,2327.5963050785417,667.7017597944388
2024-01-07 12:30:00+00:00,2326.048732352692,2327.391099499329,2324.983288666353,2325.7591492254455,628.8055949348185
2024-01-07 12:45:00+00:00,2327.0601711421364,2326.7433950724176,2325.0793395600067,2325.9317573798285,418.1939687839034
2024-01-07 13:00:00+00:00,2326.068292074264,2327.0420089905606,2325.251614218166,2326.5266321333793,534.2063233430058
2024-01-07 13:15:00+00:00,2329.881264732266,2330.0980513118975,2329.0441509904554,2329.5395523955713,637.6143708800678
2024-01-07 13:30:00+00:00,2324.8495214489953,2326.410317242648,2324.2685775410278,2326.0653901870837,525.2159025234014
2024-01-07 13:45:00+00:00,2330.447034518481,2330.6315499376683,2329.4636032357203,2330.0919183635874,728.4819915465041
2024-01-07 14:00:00+00:00,2329.8842140727133,2330.4196300832705,2329.7395934212864,2330.1897658741404,490.3272397962636
2024-01-07 14:15:00+00:00,2329.069091402457,2330.0237717566974,2328.68529651577,2329.661149895625,282.0458635678273
2024-01-07 14:30:00+00:00,2327.1800060080363,2329.7485447768345,2326.9794435311533,2327.7699898965134,292.5404045209425
2024-01-07 14:45:00+00:00,2324.0809120888953,2325.6312203768152,2320.998952752688,2324.38588049012,105.22339195864699
2024-01-07 15:00:00+00:00,2327.0619516995257,2326.98712298139,2326.156632051099,2326.765340838147,370.8619440028052
2024-01-07 15:15:00+00:00,2326.383397714299,2328.496778296755,2325.981286501418,2327.4013745269876,774.0258764306676
2024-01-07 15:30:00+00:00,2324.558233380692,2326.06621987063,2322.5209588512275,2324.8659800221944,814.7464379538486
2024-01-07 15:45:00+00:00,2322.2893585175925,2322.783519381857,2319.0326764759807,2322.321462117632,282.220787886175
2024-01-07 16:00:00+00:00,2321.155489192144,2324.1067580378285,2321.0611135233708,2322.0061478041575,963.1395971842669
2024-01-07 16:15:00+00:00,2327.743309550047,2326.6037110119128,2326.200480859851,2326.350085468222,552.162514132114
2024-01-07 16:30:00+00:00,2325.549655598007,2327.19734713239,2325.948997024054,2326.211459253387,925.2808741166524
2024-01-07 16:45:00+00:00,2322.663639549908,2323.939508089475,2321.5685692580214,2323.182047489802,736.088753675468
2024-01-07 17:00:00+00:00,2322.3182192870086,2324.341430514345,2322.3355036873195,2323.075780455028,750.1900807201717
2024-01-07 17:15:00+00:00,2324.2994114689204,2323.8183086381187,2321.029587018589,2322.9068442343764,176.539259175464
2024-01-07 17:30:00+00:00,2317.5410923111135,2317.543298913714,2315.5004806931806,2317.1140441543557,297.9920142072376
2024-01-07 17:45:00+00:00,2316.728181922049,2319.0803509906964,2317.411649461961,2317.4516841627965,107.93334996502537
2024-01-07 18:00:00+00:00,2318.234515620971,2317.398092799824,2315.506726375312,2317.3799959924913,744.5148764290637
2024-01-07 18:15:00+00:00,2319.6129483318873,2320.504174520231,2319.1917562992435,2319.4577776160786,409.994459585659
2024-01-07 18:30:00+00:00,2324.4144209885217,2325.2700272099564,2323.9261985289704,2324.215116891782,807.987264468712
2024-01-07 18:45:00+00:00,2327.03315135894,2329.068300369629,2326.571226259433,2327.3003853391633,405.04259794332364
2024-01-07 19:00:00+00:00,2326.558734195412,2327.7344085525924,2327.0870494185533,2327.1400661852413,837.400377068975
2024-01-07 19:15:00+00:00,2325.2931816055147,2326.2294754581276,2324.3066887537557,2325.0314093424104,217.6284283734817
2024-01-07 19:30:00+00:00,2331.064886246771,2332.255374635427,2330.6684764910983,2331.4885077842623,256.0358410817574
2024-01-07 19:45:00+00:00,2333.505231921283,2333.0893670514038,2329.5802039330574,2332.09295092219,406.78888562554283
2024-01-07 20:00:00+00:00,2331.6049945646173,2333.86542537432,2332.2241780713866,2332.5919072846436,467.638649994046
2024-01-07 20:15:00+00:00,2334.1968067983807,2334.040662444659,2331.9044837514157,2333.0021877611093,413.83252975868055
2024-01-07 20:30:00+00:00,2333.844501752641,2334.131635850704,2333.643934158437,2333.931105260578,787.2823292708979
2024-01-07 20:45:00+00:00,2334.2936626178616,2334.7066288775773,2333.124682590278,2334.0609678385895,187.25625336404323
2024-01-07 21:00:00+00:00,2333.8369523643196,2334.5604230474137,2331.4601335900247,2333.1889808575143,416.09531767463926
2024-01-07 21:15:00+00:00,2331.889840154005,2333.4236551609256,2332.049547714677,2332.37983373597,853.5159995639134
2024-01-07 21:30:00+00:00,2333.4419801444787,2333.4665472778347,2332.110269480146,2332.7699492576394,160.1173695359548
2024-01-07 21:45:00+00:00,2329.864319747651,2333.074714872657,2331.4194090050173,2331.9689558200744,948.1091569042217
2024-01-07 22:00:00+00:00,2330.2139445244557,2331.313136423939,2329.936087907497,2330.7733219898373,987.6851580448116
2024-01-07 22:15:00+00:00,2330.7695038220086,2333.08138328635,2331.303758258298,2331.4876508299776,179.71135644257208
2024-01-07 22:30:00+00:00,2330.3853512766314,2332.348175143725,2330.611497639213,2331.3594756498737,362.14527003016326
2024-01-07 22:45:00+00:00,2335.168151878532,2336.7746601469794,2333.3909047200464,2335.3354824320277,435.1605994318205
2024-01-07 23:00:00+00:00,2329.918204527688,2330.261978539242,2328.621379804337,2329.6186544204156,798.7522317874534
2024-01-07 23:15:00+00:00,2333.175665039272,2333.3589991305025,2332.5878353684216,2332.6293166019045,636.3341309050604
2024-01-07 23:30:00+00:00,2336.1925005436847,2336.8187686497017,2335.2430422501957,2336.0049374456394,679.9291304433107
2024-01-07 23:45:00+00:00,2331.1154010293776,2332.3113213781266,2329.73094805167,2331.6327852652717,781.7588405366554
2024-01-08 00:00:00+00:00,2331.586876615312,2331.6036984665548,2330.7402982466433,2331.3001139274643,206.18109949332313
2024-01-08 00:15:00+00:00,2330.9970339372653,2331.5284614432403,2329.6707925885066,2330.9004680758308,849.8885112192362
2024-01-08 00:30:00+00:00,2328.8139840545673,2329.261578957974,2327.1298219571677,2328.087577142541,735.0578237621296
2024-01-08 00:45:00+00:00,2327.3453351395106,2329.0260204144656,2325.6228372220608,2326.7427578572238,619.6075526767332
2024-01-08 01:00:00+00:00,2324.6486618297813,2325.03144904679,2323.8198322966637,2324.625046418073,900.761801304751
2024-01-08 01:15:00+00:00,2328.471158467507,2330.9901201592916,2327.879940691956,2329.167776063816,730.2757184954264
2024-01-08 01:30:00+00:00,2331.3069446506433,2331.9256266815655,2330.8101091146723,2331.8144641898984,281.52996636792284
2024-01-08 01:45:00+00:00,2334.8204187219317,2335.5559921367962,2334.95494022812,2335.248383626408,486.77084296810006
2024-01-08 02:00:00+00:00,2337.1560743124573,2338.195423743669,2337.1313873920376,2337.4017090016864,544.63858024216
2024-01-08 02:15:00+00:00,2335.439803476861,2335.5838232703463,2334.558113765614,2335.231150240747,149.69586407536508
2024-01-08 02:30:00+00:00,2335.02996189869,2334.8579869124155,2332.7563976483298,2334.4734433583153,959.1737620240502
2024-01-08 02:45:00+00:00,2336.0435189638174,2336.9381802800312,2335.2662852461226,2336.0833248059303,215.71953471719064
2024-01-08 03:00:00+00:00,2333.709312421223,2334.0877308860267,2332.4866700935345,2333.696768966082,727.7151405040541
2024-01-08 03:15:00+00:00,2335.939983039886,2336.197646426363,2335.051309565425,2335.828403394018,555.6079324817922
2024-01-08 03:30:00+00:00,2335.332539519426,2336.282254264854,2334.804430098435,2335.7342120827857,123.06902489598033
2024-01-08 03:45:00+00:00,2334.6055486593145,2337.1189435174247,2334.2165588800162,2335.3259128322507,932.2727282779255
2024-01-08 04:00:00+00:00,2336.086518592122,2338.338749994656,2335.7670910549136,2337.4542705286945,866.6531279370399
2024-01-08 04:15:00+00:00,2338.418716096851,2339.676961988402,2338.3959382052512,2338.960691771335,571.832135113452
2024-01-08 04:30:00+00:00,2338.9530587014524,2339.773028101468,2338.48751051134,2338.584228536514,306.0481025255007
2024-01-08 04:45:00+00:00,2341.2166128094655,2342.0510869385407,2341.480665461081,2341.7652973470354,209.46060161208482
2024-01-08 05:00:00+00:00,2339.5174965355973,2339.748946167573,2338.590075459913,2339.702962478919,427.0532314889139
2024-01-08 05:15:00+00:00,2341.9768556330905,2341.7702581724225,2340.9958930191015,2341.6127884772404,329.88545294148145
2024-01-08 05:30:00+00:00,2343.8774013548045,2343.8618566869523,2343.247009445379,2343.470661168656,556.0220809056689
2024-01-08 05:45:00+00:00,2342.3707642143777,2344.890955672824,2342.9817489254015,2343.2139563628934,969.768366511086
2024-01-08 06:00:00+00:00,2345.226307293134,2345.715195426122,2343.8491043747754,2344.447122979908,617.4581439066773
2024-01-08 06:15:00+00:00,2342.864216120899,2343.5207357132936,2340.4939678776773,2341.98413744536,900.9379503010881
2024-01-08 06:30:00+00:00,2343.735048792395,2345.3473291936084,2344.4699916459217,2344.618070923283,685.7909537461995
2024-01-08 06:45:00+00:00,2344.009599255886,2346.2114139737014,2344.103495271651,2344.653469914235,527.7218739284804
2024-01-08 07:00:00+00:00,2344.8275162764567,2344.3502379990405,2342.733330569084,2343.896918349223,869.1468064600341
2024-01-08 07:15:00+00:00,2346.711416352048,2348.106467029104,2345.1304733948377,2346.8262962538415,524.2312991556978
2024-01-08 07:30:00+00:00,2343.907385448538,2348.0030216708224,2344.861572248672,2345.642987640725,881.765353459325
2024-01-08 07:45:00+00:00,2341.7170183024127,2344.0092594711728,2342.1330339930037,2342.810080948881,362.41909261818876
2024-01-08 08:00:00+00:00,2339.439433497149,2339.9255567967025,2338.9585017330573,2339.6339113743225,215.9317663866893
2024-01-08 08:15:00+00:00,2340.612677054938,2342.7439877793104,2341.3698104058913,2341.5204397675925,869.7830179266446
2024-01-08 08:30:00+00:00,2338.6696268986443,2339.161404261889,2337.346553995234,2338.991958523638,628.6736474134001
2024-01-08 08:45:00+00:00,2343.5939857948833,2343.596687422768,2343.0013957407637,2343.568678210989,900.1831584240641
2024-01-08 09:00:00+00:00,2340.3025451808,2339.573402336245,2338.0451299153283,2339.162394853646,944.0444862931449
2024-01-08 09:15:00+00:00,2343.3758205246427,2345.434733290442,2343.557324410568,2343.6027233876725,148.26555133430426
2024-01-08 09:30:00+00:00,2345.4043981066975,2345.525613115671,2343.853023713833,2344.5661830289764,550.8723716729814
2024-01-08 09:45:00+00:00,2345.925081403997,2346.6049128051395,2344.113673471968,2344.808358480594,437.46809416707634
2024-01-08 10:00:00+00:00,2345.1204026120886,2344.5855694720085,2343.519635311221,2343.9997287867695,663.2725573631054
2024-01-08 10:15:00+00:00,2345.62714603677,2347.045493982954,2344.985901703859,2345.404524466207,814.2320774820912
2024-01-08 10:30:00+00:00,2344.2502160349345,2346.2165808527507,2345.6900368201964,2345.785367686781,352.53119437693204
2024-01-08 10:45:00+00:00,2349.2054293107453,2351.310945297518,2348.800124826966,2348.8446273076675,601.1185459358544
2024-01-08 11:00:00+00:00,2350.4039159920517,2350.317656648988,2346.776976310045,2349.5828152054282,737.8557219144096
2024-01-08 11:15:00+00:00,2350.3425088437284,2351.446349085749,2349.0142804058823,2350.4060223813394,220.9879745521606
2024-01-08 11:30:00+00:00,2351.388101909985,2350.7175233249945,2349.1721693381282,2350.0214987096588,832.6602153561402
2024-01-08 11:45:00+00:00,2351.0313424282913,2350.502894256094,2350.2263196102467,2350.357703616617,645.4986398676758
2024-01-08 12:00:00+00:00,2351.9969638771404,2353.8491734463323,2350.367331477829,2351.55152250206,954.5836934022866
2024-01-08 12:15:00+00:00,2348.8532388972967,2348.5967112343183,2347.394837218921,2348.002963854035,405.57602721762396
2024-01-08 12:30:00+00:00,2345.569186598301,2346.550300727218,2345.2778390931817,2345.308568208786,197.33134810347877
2024-01-08 12:45:00+00:00,2345.57121488674,2349.260975875718,2347.1655453201993,2347.521857264523,555.8510809332328
2024-01-08 13:00:00+00:00,2348.0019087014807,2350.697096097417,2348.297620607205,2348.3926334470475,177.22969453849498
2024-01-08 13:15:00+00:00,2349.367402365233,2348.434586676967,2344.707485315931,2348.4302471631913,972.5738709916061
2024-01-08 13:30:00+00:00,2348.3109512980145,2350.131214698484,2348.6959353353436,2348.943280048464,134.8164624314724
2024-01-08 13:45:00+00:00,2350.054800054447,2351.806259023851,2349.6558551028543,2350.2298706401384,778.1535109965772
2024-01-08 14:00:00+00:00,2348.6132358129817,2350.303700846058,2347.5605584006917,2349.4314929265943,572.5921583280197
2024-01-08 14:15:00+00:00,2349.469458662086,2348.642965196681,2348.0504877370468,2348.0731983841574,431.75858724845983
2024-01-08 14:30:00+00:00,2350.3194662014425,2350.448519879893,2347.606416772412,2349.0028560064998,159.25794805778918
2024-01-08 14:45:00+00:00,2346.483635825256,2349.1526793685603,2347.1166288030377,2347.175167532599,659.9502317562469
2024-01-08 15:00:00+00:00,2348.718592433799,2349.264269494847,2347.3748158737403,2348.603277578301,626.6982964518597
2024-01-08 15:15:00+00:00,2344.545017791687,2346.1085709438744,2344.5218663510414,2345.0769547614414,352.79494576083977
2024-01-08 15:30:00+00:00,2348.442480260967,2350.2939627329183,2347.6196249850427,2347.9611915451687,919.1995312692809
2024-01-08 15:45:00+00:00,2349.940129299271,2350.1647244798,2348.415713823428,2349.5409555444944,373.6990066085532
2024-01-08 16:00:00+00:00,2351.2486622260103,2351.00654998399,2349.6831320520555,2350.6126604282854,504.75286953289555
2024-01-08 16:15:00+00:00,2353.654731779452,2353.7971814092343,2353.3543362150876,2353.394353445905,589.3862103267901
2024-01-08 16:30:00+00:00,2360.0956703944935,2359.620838816179,2356.179431470968,2357.788647917677,190.20869035865746
2024-01-08 16:45:00+00:00,2359.844757767149,2361.661585822572,2359.8256219879936,2360.6536150844504,938.9455472922691
2024-01-08 17:00:00+00:00,2355.4394152056884,2357.272129685589,2356.1718221983374,2356.7832556532885,437.082537205937
2024-01-08 17:15:00+00:00,2353.931823376286,2354.7856459042305,2353.6566775596143,2354.240299640248,172.70129248690927
2024-01-08 17:30:00+00:00,2352.010435926063,2353.291587268205,2353.2384820453767,2353.240387030365,448.562056307797
2024-01-08 17:45:00+00:00,2352.601521557843,2354.429360489367,2353.2843532601364,2353.7724937708867,640.1822923833226
2024-01-08 18:00:00+00:00,2354.6761198070085,2358.4414478222147,2353.5728259672596,2355.4623061151833,562.2874046391967
2024-01-08 18:15:00+00:00,2353.500582024472,2354.5734020943937,2353.888673947777,2354.224261856199,725.0877766335466
2024-01-08 18:30:00+00:00,2354.3855555025225,2355.419146526404,2354.971709601444,2355.134973661987,149.93554786111957
2024-01-08 18:45:00+00:00,2354.233934358289,2355.181979254447,2352.5490581617587,2353.8273350479226,356.0865492448505
2024-01-08 19:00:00+00:00,2352.4618953291797,2353.31337460057,2351.8374447114866,2352.8588924737287,837.307519156092
2024-01-08 19:15:00+00:00,2349.8808803738684,2350.2617572936597,2349.906569739844,2350.0215014107907,171.9043190122248
2024-01-08 19:30:00+00:00,2349.0224845078315,2350.3837137345154,2347.02630619799,2348.322502192312,869.9373592263618
2024-01-08 19:45:00+00:00,2345.020365073461,2347.464384996722,2345.318963447266,2345.6195321008,182.70648286939564
2024-01-08 20:00:00+00:00,2343.5936535468786,2344.3462120931827,2343.52386384868,2343.800334468834,851.0087934025266
2024-01-08 20:15:00+00:00,2347.0265776664014,2346.9174515605678,2346.2630360464673,2346.7404630800215,424.709560970854
2024-01-08 20:30:00+00:00,2343.4648296929854,2345.0691800560153,2344.3554796718813,2344.9824771832245,650.9881569314942
2024-01-08 20:45:00+00:00,2349.7643037762036,2352.1648474009835,2351.286946141234,2351.6337785607116,237.59840408319835
2024-01-08 21:00:00+00:00,2353.536275595238,2353.494246401882,2351.503051852662,2353.26477368943,159.55184955266276
2024-01-08 21:15:00+00:00,2354.5566644428704,2355.063131928102,2352.662794137018,2354.1705692632145,294.3443836181216
2024-01-08 21:30:00+00:00,2354.2399688430173,2353.95114763,2351.8384495306623,2352.621192831043,215.068436117826
2024-01-08 21:45:00+00:00,2354.8643254758485,2355.473396274236,2353.89028709612,2354.7402346874815,381.1653079116686
2024-01-08 22:00:00+00:00,2354.499054343739,2354.5967822489256,2352.3611744674326,2353.8558712949384,562.9449218599182
2024-01-08 22:15:00+00:00,2354.460537165224,2355.5608845940733,2353.826527883352,2354.6139580368913,629.8835172085086
2024-01-08 22:30:00+00:00,2361.355798573969,2362.178890320258,2360.328597122327,2361.1218686763523,810.8812966417686
2024-01-08 22:45:00+00:00,2362.679631935251,2362.112990172309,2360.9136755707545,2361.3672966748295,690.6159039235228
2024-01-08 23:00:00+00:00,2362.8814773410277,2364.8548886666736,2363.379886275328,2364.555577028917,647.8824926165977
2024-01-08 23:15:00+00:00,2363.691929905403,2364.335474303074,2363.071200828978,2363.3660876932486,470.60382473719716
2024-01-08 23:30:00+00:00,2365.4387711983286,2363.795828428935,2362.357874338347,2363.756102476466,526.4275914641248
2024-01-08 23:45:00+00:00,2368.6418464211833,2368.957696553309,2368.119863330671,2368.419188002367,473.068746451163
2024-01-09 00:00:00+00:00,2368.710693519504,2368.019466760053,2366.1896463906246,2367.408166881773,857.9494270552448
2024-01-09 00:15:00+00:00,2371.6797169431843,2372.4102779721943,2371.232292098591,2372.1772511922804,307.0004072935599
2024-01-09 00:30:00+00:00,2374.3062135397668,2374.575966605838,2374.3135526622673,2374.3315773322224,105.14883838776817
2024-01-09 00:45:00+00:00,2373.4976402783245,2374.357108045085,2372.314279347755,2373.4711169740494,686.1879075036154
2024-01-09 01:00:00+00:00,2373.691711392208,2375.6575941045285,2374.680855318552,2375.447635220658,282.21596527494825
2024-01-09 01:15:00+00:00,2377.308543555546,2380.0760993544645,2378.2115639708863,2378.2346105360307,901.1036226788284
2024-01-09 01:30:00+00:00,2379.3196137631003,2380.7743903345386,2377.4284749056524,2380.1898707475752,873.1416967359904
2024-01-09 01:45:00+00:00,2377.582040519074,2377.269273804702,2376.0005807164302,2376.9307091504647,169.05463473538532
2024-01-09 02:00:00+00:00,2376.3687224636237,2375.9823711045333,2375.649286088432,2375.678070794441,195.74956487266962
2024-01-09 02:15:00+00:00,2375.8217743933974,2375.8520309584073,2374.1369338357486,2375.56518449613,545.6544330219997
2024-01-09 02:30:00+00:00,2376.516146795004,2375.936866452671,2374.562388177481,2375.863494798805,648.3003964924192
2024-01-09 02:45:00+00:00,2377.6839943746927,2378.384111371625,2374.0372944114924,2377.8140999707166,347.4175037340167
2024-01-09 03:00:00+00:00,2379.665388942511,2379.7524846568626,2378.3804422514345,2378.712372364821,745.1179450294336
2024-01-09 03:15:00+00:00,2376.020207685432,2376.7851725933406,2375.6668676209606,2376.01324720006,635.4244188269844
2024-01-09 03:30:00+00:00,2377.4380601539665,2378.8224451428437,2375.3825102012106,2377.392204975533,392.34169877369925
2024-01-09 03:45:00+00:00,2379.109423156851,2380.559745040883,2378.155984648545,2379.3200664507917,122.83433923808403
2024-01-09 04:00:00+00:00,2381.6717929076376,2381.7085844423164,2377.848274253516,2381.1285380525765,775.1352531686659
2024-01-09 04:15:00+00:00,2383.845457465024,2384.599717342135,2383.815880037104,2384.1801954239922,293.27829924257446
2024-01-09 04:30:00+00:00,2387.4233257778833,2387.5653811447282,2385.7742565750127,2386.64652692616,851.0263691163656
2024-01-09 04:45:00+00:00,2387.319001563493,2389.7679814561357,2387.4433159116506,2388.220275407708,478.2612340488297
2024-01-09 05:00:00+00:00,2387.655436802374,2389.0750976420077,2386.0339924414116,2388.530368417963,619.3696983685888
2024-01-09 05:15:00+00:00,2385.5898808755387,2385.2597218464966,2384.840330017006,2385.043366668077,885.6538573681017
2024-01-09 05:30:00+00:00,2386.475067996951,2387.2555387116495,2386.2285675778608,2386.5455062627575,877.260700827958
2024-01-09 05:45:00+00:00,2387.1574450970584,2388.184098813588,2387.041311460199,2387.5186698404405,434.36761771921596
2024-01-09 06:00:00+00:00,2389.35351590595,2389.138091194477,2388.507920516347,2388.644838636362,288.0000034433588
2024-01-09 06:15:00+00:00,2385.5912626188706,2387.1798383813166,2385.758971034431,2386.0742528938463,797.6314699557352
2024-01-09 06:30:00+00:00,2383.813820947498,2384.010387468539,2383.7939750305172,2383.9729124032583,489.77218324191807
2024-01-09 06:45:00+00:00,2388.075568969117,2387.9748510972054,2385.4537000145456,2386.962267528953,272.83779420310367
2024-01-09 07:00:00+00:00,2388.5700954493914,2388.0294010357884,2386.7649285653806,2387.3452740476055,913.9828080854352
2024-01-09 07:15:00+00:00,2390.7030376873686,2391.584268303224,2387.121684577344,2389.450648379688,278.2937748169786
2024-01-09 07:30:00+00:00,2389.7715063053292,2390.4260229436622,2387.546092822885,2389.9962661564823,123.22645137210797
2024-01-09 07:45:00+00:00,2391.526129299706,2390.905350947422,2389.6619232757303,2390.5454455582576,118.25197639067797
2024-01-09 08:00:00+00:00,2392.511081168981,2393.4880966602013,2392.6613962918855,2393.268114017116,660.0838208088378
2024-01-09 08:15:00+00:00,2391.7885951328058,2395.7334112406215,2392.443194213154,2392.511853758799,695.5075546457773
2024-01-09 08:30:00+00:00,2391.3453781451785,2393.6390054176422,2391.5506231987506,2393.2204311348387,379.9375345512855
2024-01-09 08:45:00+00:00,2393.926995016559,2393.7939777760457,2391.7459595401747,2392.592830860947,388.0098903223571
2024-01-09 09:00:00+00:00,2391.3429535422447,2392.146019405145,2391.7175933522003,2392.0318426457093,405.54452355394847
2024-01-09 09:15:00+00:00,2391.6698347314464,2393.8949006846574,2389.862207476196,2391.7707137043026,712.1426920829908
2024-01-09 09:30:00+00:00,2392.054505229162,2392.877002786834,2391.8964073213547,2392.7805740296394,152.32041192414573
2024-01-09 09:45:00+00:00,2392.6679874619454,2393.1100650907256,2391.3334585307293,2392.113682694524,936.2047174221931
2024-01-09 10:00:00+00:00,2395.2985969682336,2396.695006595914,2393.888927453693,2395.598552786231,300.26893975970177
2024-01-09 10:15:00+00:00,2392.893914653643,2394.592912202296,2393.433080523224,2393.9351303178564,999.705884717883
2024-01-09 10:30:00+00:00,2394.3190007594058,2394.1063258052245,2393.061055045168,2393.9665589564042,254.3704244084683
2024-01-09 10:45:00+00:00,2392.2488932716383,2394.1532893613116,2391.102170887142,2393.3927196060586,794.3918115811397
2024-01-09 11:00:00+00:00,2396.668650873329,2399.422139414085,2396.547368644315,2397.3378323487705,301.07129043666254
2024-01-09 11:15:00+00:00,2396.604387189967,2398.673913086956,2397.324646441666,2398.288696639527,172.76212147892858
2024-01-09 11:30:00+00:00,2400.1050784982504,2403.4450449212422,2400.875829815241,2401.244835852712,887.439991915584
2024-01-09 11:45:00+00:00,2398.3025878533767,2399.1361070666267,2397.862799068931,2398.1598740229883,872.8761332718027
2024-01-09 12:00:00+00:00,2397.709039362187,2399.8585034091393,2397.696175240268,2399.2801968329154,463.21335320464124
2024-01-09 12:15:00+00:00,2400.7100986274654,2402.3387805940206,2400.845799545505,2401.895951267201,732.1565282863842
2024-01-09 12:30:00+00:00,2402.5721665783067,2403.047127331327,2401.8201284374113,2402.5740637437934,601.3593394155255
2024-01-09 12:45:00+00:00,2405.1804954514414,2407.9350190567384,2405.2802048040367,2405.6163986726656,867.6605023063739
2024-01-09 13:00:00+00:00,2406.4500973732634,2405.188582268012,2404.662894728967,2404.853245450249,383.550372386789
2024-01-09 13:15:00+00:00,2410.1990576210446,2409.7444830657905,2408.5051789381164,2408.7266058201344,571.3051599990866
2024-01-09 13:30:00+00:00,2414.054688911943,2414.812332438347,2413.7322491630525,2414.7532951208887,536.8351340840954
2024-01-09 13:45:00+00:00,2414.808489131658,2416.0564293421194,2414.3430921935806,2414.3601121840347,418.51524363117284
2024-01-09 14:00:00+00:00,2414.3703180579178,2413.8306995201187,2413.691844321722,2413.7674534415087,902.309558100735
2024-01-09 14:15:00+00:00,2417.280119645729,2419.8217006076075,2417.4700094243094,2417.7616401336363,249.29013219628195
2024-01-09 14:30:00+00:00,2420.860617593604,2423.5780803465764,2421.9657134454856,2422.0680520522938,234.55777556862654
2024-01-09 14:45:00+00:00,2421.276263296325,2421.361254043925,2420.320102727081,2421.286189318145,619.2185817904763
2024-01-09 15:00:00+00:00,2420.613640474107,2421.9047246087266,2419.63531953076,2420.753112709215,691.7448069864478
2024-01-09 15:15:00+00:00,2420.203543127339,2420.998715684479,2419.2835946172286,2420.555140458396,275.1573288921087
2024-01-09 15:30:00+00:00,2418.1429953883467,2419.84631834472,2416.7362662477467,2417.786519467953,451.64569802916174
2024-01-09 15:45:00+00:00,2415.444996687708,2417.1663745146616,2414.616472852661,2416.0495966757812,951.9074586808694
2024-01-09 16:00:00+00:00,2413.180518331823,2415.9940244264335,2413.3979599871486,2414.107533651276,321.9556804216066
2024-01-09 16:15:00+00:00,2412.824927858532,2413.0677349954185,2411.9895649355544,2412.7371983451094,701.5246319056547
2024-01-09 16:30:00+00:00,2413.446559357958,2413.4297525701018,2410.829959349086,2413.1360932375287,766.1344543278317
2024-01-09 16:45:00+00:00,2413.2372608157084,2414.546072312041,2414.071905491874,2414.1841400030344,503.31582951864357
2024-01-09 17:00:00+00:00,2419.162040592546,2420.7163666940783,2417.847362773676,2418.413871523329,943.7733880836247
2024-01-09 17:15:00+00:00,2415.057778493081,2418.448443306628,2415.5671195313553,2416.483891542987,762.9910616969114
2024-01-09 17:30:00+00:00,2418.881263800561,2422.031483100755,2417.713392321256,2419.347482914289,512.132121874808
2024-01-09 17:45:00+00:00,2419.1055714190493,2419.506029399331,2418.5229118456127,2419.31363927594,612.4016815984846
2024-01-09 18:00:00+00:00,2419.1647090459146,2420.0355192053275,2418.7022749884236,2419.677861190004,723.3520990825906
2024-01-09 18:15:00+00:00,2421.3394150682893,2423.6320678213497,2421.7039098834516,2421.795568718591,632.9711623862964
2024-01-09 18:30:00+00:00,2421.0710154872054,2421.3487224501814,2418.7325418427095,2419.561955276245,890.8278254434683
2024-01-09 18:45:00+00:00,2420.2848867908065,2422.385122709805,2420.800078581365,2420.9715421792253,421.1997960523611
2024-01-09 19:00:00+00:00,2423.829639951073,2422.1213750310094,2420.446482690652,2421.8588751195057,369.8971660502244
2024-01-09 19:15:00+00:00,2423.8896060182296,2424.8661514698993,2422.893055677834,2423.5364751199195,292.4550005457379
2024-01-09 19:30:00+00:00,2424.7966858915693,2425.436202435638,2422.0815044151177,2424.722283177329,134.00467125813563
2024-01-09 19:45:00+00:00,2431.55514435579,2432.1869673812034,2430.5255921740372,2431.1692040621606,138.71256794204982
2024-01-09 20:00:00+00:00,2432.154547192246,2430.843817406018,2429.422549276517,2430.1052169848954,883.0496737983545
2024-01-09 20:15:00+00:00,2428.496413839398,2429.955838321946,2428.7187366429775,2429.3009926629825,710.5538317653165
2024-01-09 20:30:00+00:00,2427.3663807824823,2428.9389476430133,2425.0863878579507,2428.2732744120576,694.4791738928375
2024-01-09 20:45:00+00:00,2426.799442252391,2428.4216538610576,2424.3164861044024,2427.4102322288986,653.1785370413975
2024-01-09 21:00:00+00:00,2426.3747432257856,2427.6891376241156,2425.7045191478455,2426.348746397671,864.2972302246944
2024-01-09 21:15:00+00:00,2428.323612356976,2429.9892537635865,2429.5404620865106,2429.7213266592726,532.2402330990647
2024-01-09 21:30:00+00:00,2433.680014431773,2435.143942767683,2432.224124217604,2433.661892379962,883.3697457024703
2024-01-09 21:45:00+00:00,2434.133119611319,2433.384030228886,2429.9090148203863,2432.7597884892925,423.5005235640152
2024-01-09 22:00:00+00:00,2431.344607229598,2432.094615641486,2430.1634164164157,2431.22190557468,934.0367539051815
2024-01-09 22:15:00+00:00,2432.6174601591847,2433.1352303738404,2431.700651647172,2432.854813901794,728.7912820731161
2024-01-09 22:30:00+00:00,2431.496935596428,2433.4326019739415,2431.83913832372,2431.998057266521,331.4594224219845
2024-01-09 22:45:00+00:00,2434.7535895546457,2434.2608210670373,2433.8523511117583,2434.0245896936435,607.6764295197627
2024-01-09 23:00:00+00:00,2434.3352093873714,2435.6522667066038,2434.4262295746057,2435.0055118389355,579.7275053394301
2024-01-09 23:15:00+00:00,2433.3004653184903,2432.392120995569,2430.799303332412,2431.803774462202,224.10893955730057
2024-01-09 23:30:00+00:00,2437.6270043607947,2437.399702758228,2435.220276679976,2436.057079460607,632.1186151755527
2024-01-09 23:45:00+00:00,2441.132909738672,2441.7555800690516,2439.275704438081,2440.924006675943,383.3070613452622
2024-01-10 00:00:00+00:00,2439.9072634981003,2440.415112665412,2439.824068775972,2439.9166287830603,147.1138901286422
2024-01-10 00:15:00+00:00,2440.2967796149296,2439.8341386302045,2437.4038571192204,2439.4586956044545,953.7905419359083
2024-01-10 00:30:00+00:00,2441.534903355621,2441.6675769350827,2440.41125248228,2440.6442321390155,677.341332157859
2024-01-10 00:45:00+00:00,2441.2929360935655,2443.031614456291,2441.904640914714,2441.948999660697,889.2270386837623
2024-01-10 01:00:00+00:00,2443.61744616141,2444.699980422769,2443.86686287923,2444.046421224317,708.4504045119278
2024-01-10 01:15:00+00:00,2448.3745611970935,2450.9594034562356,2448.8147690128826,2449.4542377062953,421.2853229261016
2024-01-10 01:30:00+00:00,2449.8447080503024,2450.2912511428485,2445.742303861084,2449.5107050684633,561.4192650959303
2024-01-10 01:45:00+00:00,2448.589586376058,2448.606683666832,2446.380795010832,2448.04560788866,708.1720843124593
2024-01-10 02:00:00+00:00,2444.0600208086544,2447.7118401135995,2443.638729381148,2445.1602823265853,964.2270926812938
2024-01-10 02:15:00+00:00,2443.491603349624,2444.5767804987127,2443.577869064743,2443.8624178483324,328.30251320952686
2024-01-10 02:30:00+00:00,2443.1725823656434,2444.3082248094743,2443.5272009278647,2444.27026659641,887.4793527617059
2024-01-10 02:45:00+00:00,2448.416604987921,2450.264346022715,2447.9080635847886,2449.150370283944,931.6700247648424
2024-01-10 03:00:00+00:00,2448.8223143320174,2449.519074252979,2446.7321180904364,2448.3726159716202,703.373963193061
2024-01-10 03:15:00+00:00,2448.811560470395,2450.228259781864,2448.8810886432307,2449.410426677696,938.139964661204
2024-01-10 03:30:00+00:00,2449.614463121312,2450.218039282694,2449.0254804924616,2449.8601236259237,458.0907287296316
2024-01-10 03:45:00+00:00,2451.933113573605,2453.4936390096886,2452.0766889532824,2453.2638552547405,957.7145584363985
2024-01-10 04:00:00+00:00,2460.116199397166,2462.7158526034586,2458.740536065347,2459.9628697395233,732.5045894493774
2024-01-10 04:15:00+00:00,2459.112787915119,2461.756638393802,2457.4597493318615,2459.1490794796996,137.80519067693072
2024-01-10 04:30:00+00:00,2457.8400408426373,2459.1833777663196,2457.3896379831813,2458.4374077389703,916.1855486371475
2024-01-10 04:45:00+00:00,2461.3429168165726,2462.061300230763,2460.9129471713077,2461.4980029219955,536.0255281298732
2024-01-10 05:00:00+00:00,2463.817796884363,2467.054206800826,2462.890655381556,2463.669734537567,514.2942863000496
2024-01-10 05:15:00+00:00,2468.0467494220625,2469.3341553912296,2468.1320031891073,2468.7173091233512,609.8199453816708
2024-01-10 05:30:00+00:00,2469.437587294827,2471.303452987555,2469.6999744770383,2470.653364968799,234.44609209410513
2024-01-10 05:45:00+00:00,2471.7465867756914,2471.9746183016287,2468.2718736403813,2470.259840772161,522.2494437106589
2024-01-10 06:00:00+00:00,2471.6918741484847,2472.689664080669,2471.9325267604545,2472.213735974886,848.0144950459711
2024-01-10 06:15:00+00:00,2475.3714073140327,2475.9252842337664,2474.664095372064,2475.4512489534604,113.9342132237638
2024-01-10 06:30:00+00:00,2478.813638671064,2478.1537083211488,2476.960148809166,2477.9786922295175,345.6254442919342
2024-01-10 06:45:00+00:00,2482.6489590766164,2482.3735389981885,2478.2201728351733,2479.7319221420767,102.2091277994598
2024-01-10 07:00:00+00:00,2481.8449578989025,2483.8286071843413,2482.1679896829387,2482.8749259662804,474.14017823486347
2024-01-10 07:15:00+00:00,2486.649842733804,2486.5448120688066,2486.1228686110894,2486.2770443753293,755.4839594443612
2024-01-10 07:30:00+00:00,2489.626524623167,2490.8466922564585,2488.888775758374,2490.213843455103,818.8946462031656
2024-01-10 07:45:00+00:00,2491.880595589367,2497.2209461779325,2492.315941433941,2492.3282096811004,950.6707850143059
2024-01-10 08:00:00+00:00,2491.8118089774825,2495.0073957007203,2490.3059398185223,2492.410163564509,647.6541516737078
2024-01-10 08:15:00+00:00,2492.3389438415697,2495.4245371638362,2491.8781732848884,2493.2744661045235,329.16417998760596
2024-01-10 08:30:00+00:00,2496.7493811352742,2497.1425934827785,2495.946186185631,2496.783746335597,931.733154223029
2024-01-10 08:45:00+00:00,2494.017451836705,2495.602344275183,2494.4905641358364,2495.243866432003,797.7841784923385
2024-01-10 09:00:00+00:00,2497.4512017803436,2496.7200629371882,2496.1740564030333,2496.6632485620867,616.9856347028301
2024-01-10 09:15:00+00:00,2496.226359068162,2496.7100785655316,2494.9103315558855,2496.1805933143282,726.0761941470424
2024-01-10 09:30:00+00:00,2497.1032187505734,2497.463012663509,2495.4690612577483,2496.751647012458,931.8847195066862
2024-01-10 09:45:00+00:00,2500.0571444347443,2500.857663556622,2499.9790357144007,2500.445704205441,741.1546256256295
2024-01-10 10:00:00+00:00,2501.117639891479,2503.3213646571407,2500.6177104942185,2501.4238174471116,431.5370568262606
2024-01-10 10:15:00+00:00,2502.2801678246187,2502.979325337473,2500.8790815807756,2502.040335661349,741.725382060187
2024-01-10 10:30:00+00:00,2498.1703026143405,2499.660075162637,2498.519559954345,2499.1400111178114,136.2503464618491
2024-01-10 10:45:00+00:00,2501.2074454107737,2502.919388066104,2500.0632163943574,2501.5059504780734,447.7740056475231
2024-01-10 11:00:00+00:00,2502.9044461470853,2504.185159540101,2503.286538943704,2503.6218285329014,465.69072866102135
2024-01-10 11:15:00+00:00,2508.800547161858,2511.122958078764,2508.5121722365957,2509.545521485256,250.1544109787512
2024-01-10 11:30:00+00:00,2507.5103401797296,2509.9467131652627,2508.624842462348,2509.2750616735184,120.77693249659316
2024-01-10 11:45:00+00:00,2511.4477615122687,2510.7769634983088,2508.6636073857676,2510.327045592118,220.04311297396853
2024-01-10 12:00:00+00:00,2510.8806619672573,2512.3732811626114,2510.416767365645,2511.4553991200282,689.1593462173496
2024-01-10 12:15:00+00:00,2516.8990183779124,2516.8768000236373,2515.7246377472147,2515.9233633787185,822.0599347273188
2024-01-10 12:30:00+00:00,2517.0832326322525,2517.0492383503197,2514.5866126823967,2516.186805586584,989.3831434542767
2024-01-10 12:45:00+00:00,2516.313279996204,2519.719238875141,2517.1263179031976,2517.392401959573,411.72715279764486
2024-01-10 13:00:00+00:00,2518.5129587056153,2519.6481765366207,2518.088372519215,2519.4270162629346,639.4413000349915
2024-01-10 13:15:00+00:00,2522.5524029848516,2521.2438772407954,2519.9278642638055,2520.401238041928,943.4304701336098
2024-01-10 13:30:00+00:00,2521.2508524882705,2519.9037573021624,2518.077947711862,2519.78020297982,250.33760320433737
2024-01-10 13:45:00+00:00,2520.7469351606123,2522.4067184084493,2519.144059855906,2520.7734188374784,745.8810277084684
2024-01-10 14:00:00+00:00,2524.202536659713,2524.893162728943,2521.886382098039,2523.986001287145,779.4808598342469
2024-01-10 14:15:00+00:00,2521.3704394340266,2522.840164834981,2521.5158536714093,2521.9007501062915,180.07798228240455
2024-01-10 14:30:00+00:00,2523.104177642328,2522.986191780297,2521.999687946383,2522.7406063928624,875.1244466647586
2024-01-10 14:45:00+00:00,2520.8764603210398,2521.560171325544,2519.6963247980407,2521.479246747311,831.7945423997595
2024-01-10 15:00:00+00:00,2523.288718674306,2525.115120085296,2524.4344479215206,2524.9992826065914,130.062705919691
2024-01-10 15:15:00+00:00,2520.5496077427624,2521.978478376082,2521.028474948883,2521.660446060798,181.97597339204634
2024-01-10 15:30:00+00:00,2520.7732526624513,2520.902021943759,2520.1901960245086,2520.755529442193,144.2142045026671
2024-01-10 15:45:00+00:00,2521.260029414166,2522.4817354451293,2521.910116513839,2522.2109594732615,401.269178619426
2024-01-10 16:00:00+00:00,2526.6112541998787,2528.661606936405,2525.0375067341706,2526.667916803919,558.3600916119335
2024-01-10 16:15:00+00:00,2526.101918707478,2528.2522632800246,2526.826135930893,2527.0071440821825,579.112955159166
2024-01-10 16:30:00+00:00,2525.450941119981,2527.207501662415,2524.7247125714953,2526.1097117338627,340.9000837924984
2024-01-10 16:45:00+00:00,2532.0923102187626,2531.948987273003,2528.59897739851,2531.372417177447,920.4371979042468
2024-01-10 17:00:00+00:00,2528.4237611098174,2529.339295838171,2526.275449262339,2528.2151997490887,431.4365108847219
2024-01-10 17:15:00+00:00,2523.158706863799,2524.3720265226657,2521.7508664769325,2523.166835179579,140.99514036881726
2024-01-10 17:30:00+00:00,2525.5219461611855,2525.888128972926,2524.2018125295203,2524.782215292155,370.20440038724774
2024-01-10 17:45:00+00:00,2524.424064510687,2525.8782342287964,2523.3339447436206,2524.0197093233273,577.99848028974
2024-01-10 18:00:00+00:00,2523.1638047499305,2522.709356193983,2521.9437832015055,2521.947752402904,467.39964032940884
2024-01-10 18:15:00+00:00,2523.8526890059975,2524.5293385679843,2522.687225452096,2524.239620662619,346.45826718933324
2024-01-10 18:30:00+00:00,2524.9984676158465,2527.4302725985076,2524.1193142168113,2525.3601286307257,218.19092478788568
2024-01-10 18:45:00+00:00,2523.3460085238007,2524.9362513745077,2522.6736684503376,2524.4408663250115,837.2480500866068
2024-01-10 19:00:00+00:00,2521.354585245067,2522.971707795959,2520.974720036895,2521.7151743065615,996.5307179117726
2024-01-10 19:15:00+00:00,2525.232885416318,2525.009872316703,2524.1615112957443,2524.421056937559,396.58792017149386
2024-01-10 19:30:00+00:00,2527.663070931655,2527.3773432842545,2526.463594260531,2526.568235331292,443.45893975894353
2024-01-10 19:45:00+00:00,2527.631827624736,2527.063671047263,2525.903006484562,2526.822987233576,656.2337722092614
2024-01-10 20:00:00+00:00,2530.485474535447,2532.410028495496,2529.786631004144,2531.999772334656,746.5973272619872
2024-01-10 20:15:00+00:00,2530.7110554624846,2531.2493895539355,2528.4821030610788,2529.797676048547,452.8265813232321
2024-01-10 20:30:00+00:00,2524.8982806517092,2526.5542255802925,2525.5120908524905,2526.4465870186878,914.4365652836337
2024-01-10 20:45:00+00:00,2525.9600896912466,2528.9807275993044,2523.519031073893,2525.204113170919,604.0035903060266
2024-01-10 21:00:00+00:00,2525.284445297715,2525.830082018566,2525.1070438492766,2525.5940701041764,505.3510687653379
2024-01-10 21:15:00+00:00,2527.305714084201,2528.773883624735,2526.1650818652397,2526.714013827702,682.0054778439146
2024-01-10 21:30:00+00:00,2525.487631888607,2528.1333630473896,2526.306371028061,2526.6098242506396,957.5234634242559
2024-01-10 21:45:00+00:00,2528.9919438130974,2528.98768277334,2526.421074874088,2528.005037921187,815.0970649795349
2024-01-10 22:00:00+00:00,2524.114947705699,2525.937391469234,2524.350726971685,2525.3481381215224,136.0118174816119
2024-01-10 22:15:00+00:00,2528.939010086568,2531.426324197083,2528.276365871389,2529.5026295714856,399.07891966596367
2024-01-10 22:30:00+00:00,2528.959085863643,2531.001030902783,2529.38730652347,2529.800746041626,523.4902164561004
2024-01-10 22:45:00+00:00,2531.654157548479,2535.3485917445614,2531.375797001098,2533.1354379247787,383.06581498819475
2024-01-10 23:00:00+00:00,2534.5904682430482,2535.6919325728763,2534.262607867217,2534.510607868785,730.1688047474108
2024-01-10 23:15:00+00:00,2537.702555700247,2536.475675473673,2534.831415667332,2536.1757025877914,843.642234876323
2024-01-10 23:30:00+00:00,2540.3850354937153,2539.5698943031484,2538.0633333359933,2538.1287192482873,758.2105856667445
2024-01-10 23:45:00+00:00,2539.8554706891646,2541.178086784959,2539.1343517445107,2539.773219467112,990.3999581454477
2024-01-11 00:00:00+00:00,2542.8606156892743,2542.962368496787,2541.5093307939937,2541.914446267617,345.2928831037262
2024-01-11 00:15:00+00:00,2546.0013504283993,2546.5790697746265,2544.4935448138635,2545.804394578667,887.4905455219794
2024-01-11 00:30:00+00:00,2547.2375809902705,2547.4876640108623,2546.6569928804097,2546.8140600786796,789.9603986570376
2024-01-11 00:45:00+00:00,2548.8394489983552,2550.4768276337945,2548.736275067346,2549.1301761487944,425.96088180233147
2024-01-11 01:00:00+00:00,2549.577046818892,2550.970340592373,2548.575460884143,2549.4112697148475,760.7120892912718
2024-01-11 01:15:00+00:00,2554.0535350041177,2553.926538626395,2553.295078191333,2553.596033841332,193.66836077642228
2024-01-11 01:30:00+00:00,2551.8876604267557,2552.8296733531556,2551.180876565489,2552.3798100710637,810.4001341064971
2024-01-11 01:45:00+00:00,2557.4260193181426,2558.221417556361,2556.060852996488,2557.4920830042943,579.0975423283924
2024-01-11 02:00:00+00:00,2557.85109096823,2560.229371873114,2557.524316127879,2557.9009104530905,363.06115543832783
2024-01-11 02:15:00+00:00,2555.4583988393438,2555.0996114133513,2552.898929278396,2554.754646267797,690.1995716057621
2024-01-11 02:30:00+00:00,2554.684895285388,2558.0364827984945,2553.6395814136595,2555.5930100741634,677.4579988429681
2024-01-11 02:45:00+00:00,2554.3200476163006,2554.4515916351716,2554.260423024588,2554.363933469207,288.53760044763976
2024-01-11 03:00:00+00:00,2558.6531803801863,2558.7729062628423,2555.734185854862,2557.023499408398,127.35767333037353
2024-01-11 03:15:00+00:00,2556.858118551242,2558.4059971123347,2553.2007530036253,2555.866391144154,490.2603282115065
2024-01-11 03:30:00+00:00,2556.386414149428,2556.4016306165695,2553.356554639503,2555.237256625569,612.5606824099791
2024-01-11 03:45:00+00:00,2550.944498760667,2551.0586091012933,2549.1714502497903,2550.923724173755,888.9447505335386
2024-01-11 04:00:00+00:00,2550.55306909472,2551.8915942391036,2548.5224492928246,2550.2801911853576,935.395116082835
2024-01-11 04:15:00+00:00,2545.4650792219686,2545.6917516576855,2544.467613011996,2544.6149775017066,575.9246963410898
2024-01-11 04:30:00+00:00,2542.417499549349,2541.786429846818,2540.600902000812,2541.0959132327857,778.4231353916904
2024-01-11 04:45:00+00:00,2541.8829328571355,2543.7917039891977,2540.713729162162,2543.5375913145476,495.3729450951972
2024-01-11 05:00:00+00:00,2544.9298559213935,2546.382351057876,2544.521208423415,2546.0462473892185,771.4739409156037
2024-01-11 05:15:00+00:00,2548.7511864105204,2549.259938193982,2546.50920977289,2547.6391893741775,284.32137244525023
2024-01-11 05:30:00+00:00,2545.4510022487093,2546.6183074614696,2545.320941614734,2545.68596003053,433.95826132317825
2024-01-11 05:45:00+00:00,2545.5035850760664,2546.4412244718424,2545.886270872159,2546.07366861413,670.8051989322533
2024-01-11 06:00:00+00:00,2545.5091556378597,2548.6809065852076,2545.8545537601685,2546.573760124678,116.34216904637094
2024-01-11 06:15:00+00:00,2543.663703823295,2545.3556262422526,2542.0535381267905,2544.1343828477793,750.2151793050587
2024-01-11 06:30:00+00:00,2547.280450617568,2548.6281102436255,2548.1900898812974,2548.4717501182477,851.9819511413501
2024-01-11 06:45:00+00:00,2552.997136742878,2551.337963710394,2551.130368255079,2551.218857029404,459.2274949845563
2024-01-11 07:00:00+00:00,2551.146294034787,2552.6070416980647,2550.919700099385,2551.16537339443,503.1481754594479
2024-01-11 07:15:00+00:00,2551.694970704809,2554.8212534187433,2548.6922363405847,2551.744262358957,866.1539909948779
2024-01-11 07:30:00+00:00,2553.2869750720533,2554.722078845196,2550.106959428391,2552.7865636604633,798.0891717934301
2024-01-11 07:45:00+00:00,2548.9067149749476,2548.8564601227918,2547.2188778491163,2548.0893344876463,359.3345401300375
2024-01-11 08:00:00+00:00,2548.772489744265,2548.060898987231,2547.822868845353,2547.96912513802,391.57849590538507
2024-01-11 08:15:00+00:00,2547.652752528337,2547.0115607438097,2546.019629572893,2546.7413400656196,710.9904091515369
2024-01-11 08:30:00+00:00,2544.1655349311663,2545.9118130468487,2543.8642311107624,2544.7006392899634,606.8782832033451
2024-01-11 08:45:00+00:00,2544.2416315648456,2544.5928460589284,2544.431976070893,2544.494271691159,246.00661398684724
2024-01-11 09:00:00+00:00,2550.236024091884,2549.9110348970044,2548.6755542544893,2549.5824542200653,378.93691830624977
2024-01-11 09:15:00+00:00,2551.278569647521,2553.3114710668838,2547.755505233338,2551.7271539772864,909.9849491907887
2024-01-11 09:30:00+00:00,2550.7758402636955,2551.206387520191,2549.749620879728,2550.780182228953,719.3569930500371
2024-01-11 09:45:00+00:00,2553.090947483196,2552.949801428163,2551.6691821130526,2552.751632532986,987.3768859169675
2024-01-11 10:00:00+00:00,2557.5068532945206,2559.2766334685048,2556.295914009842,2556.8376563659644,790.3112769826924
2024-01-11 10:15:00+00:00,2558.197994256721,2560.81594978184,2559.134474270422,2559.714779667692,947.7769889292312
2024-01-11 10:30:00+00:00,2560.9894523331095,2560.9089391960183,2558.0806817073744,2560.37944564283,294.5697164834279
2024-01-11 10:45:00+00:00,2559.0359886278366,2561.650892100148,2558.812984339136,2559.235373586674,794.3363873352332
2024-01-11 11:00:00+00:00,2562.139230445035,2562.247986377096,2560.596587441762,2561.5351711755357,118.19576813301768
2024-01-11 11:15:00+00:00,2563.7196291793207,2564.7673129995464,2561.422892023971,2563.055856071368,703.6840195403805
2024-01-11 11:30:00+00:00,2567.239665845171,2566.487986769752,2564.5193029825423,2565.864435155146,522.3540503082172
2024-01-11 11:45:00+00:00,2569.1668279404685,2569.9950126063018,2567.381963001331,2568.0082678880367,412.0840647280618
2024-01-11 12:00:00+00:00,2572.373245523666,2572.611053226029,2570.275197864776,2571.2191352483705,876.1639170637802
2024-01-11 12:15:00+00:00,2571.5942327108305,2570.9627958695564,2570.1754256522413,2570.3573165216594,868.8409233917776
2024-01-11 12:30:00+00:00,2574.510550534372,2574.381044033902,2572.203273696368,2574.2605220618484,120.07153440877923
2024-01-11 12:45:00+00:00,2575.3118791139095,2576.9914021442382,2574.3397034657605,2575.284250531327,648.5546102044879
2024-01-11 13:00:00+00:00,2581.901322339718,2582.811546319529,2581.1390289950978,2581.150364962121,431.04900188886074
2024-01-11 13:15:00+00:00,2580.5175687260858,2581.6902106619787,2579.5814082679253,2579.8880064373043,474.09490135040426
2024-01-11 13:30:00+00:00,2584.6211135334247,2585.6416832853192,2584.7884010975667,2584.8874140085713,848.8366652968983
2024-01-11 13:45:00+00:00,2586.265119714981,2587.2587535806706,2585.2544844175845,2585.9161732482657,378.85579437491043
2024-01-11 14:00:00+00:00,2584.718869048472,2586.7126717752103,2582.02898286559,2584.7491075688718,948.7439295738582
2024-01-11 14:15:00+00:00,2583.2799127839244,2587.6746049510148,2581.3769284327263,2584.0154380567665,261.6704437349267
2024-01-11 14:30:00+00:00,2584.8158671983037,2584.2873080477343,2583.503820518527,2583.704477466474,696.45018103136
2024-01-11 14:45:00+00:00,2585.3652103972704,2586.0308538171303,2584.8029726312798,2585.317641205439,704.8945603123882
2024-01-11 15:00:00+00:00,2588.953873285575,2588.7397269533317,2587.1121670188513,2587.1870761098953,326.97564528512635
2024-01-11 15:15:00+00:00,2584.8191311494766,2586.819343606719,2585.269837877022,2586.2204249193896,392.27554807048176
2024-01-11 15:30:00+00:00,2586.194654030983,2587.2068359593136,2586.4342594793193,2586.6747225569065,851.3186433219464
2024-01-11 15:45:00+00:00,2592.768723188274,2594.236397768954,2590.667107377004,2592.7405151768553,785.6247294594572
2024-01-11 16:00:00+00:00,2598.7278286858786,2600.1715082715714,2594.7853114052714,2597.742954108378,396.1862922832836
2024-01-11 16:15:00+00:00,2599.7426119003167,2599.901445241357,2597.7919923975983,2599.396485472585,580.5608922414406
2024-01-11 16:30:00+00:00,2600.2843024679205,2600.262777011823,2598.6736604807766,2600.015224505366,155.51226662778592
2024-01-11 16:45:00+00:00,2599.87016360368,2601.4316186697247,2600.274920474991,2600.8474439882016,287.8712941587663
2024-01-11 17:00:00+00:00,2601.960315340267,2603.6276452676166,2601.2877335356684,2602.964140997008,537.2385029743591
2024-01-11 17:15:00+00:00,2601.1029148472912,2600.868109793191,2600.804454628114,2600.823322299947,177.37636175129043
2024-01-11 17:30:00+00:00,2599.491568634808,2603.909764594823,2599.0667071696016,2600.674100344224,858.9991194027438
2024-01-11 17:45:00+00:00,2596.397191302809,2597.7122835890555,2595.228925845257,2596.8575948946072,746.205589096883
2024-01-11 18:00:00+00:00,2598.8480218894224,2599.0033600592196,2597.4644371402123,2598.414158329406,949.2703035836453
2024-01-11 18:15:00+00:00,2599.7649074553347,2601.8937420270895,2599.9163256061524,2600.616457011536,724.1202153676245
2024-01-11 18:30:00+00:00,2601.271346246104,2599.956777857116,2598.949690299161,2599.880101905097,946.361235035967
2024-01-11 18:45:00+00:00,2605.55892740759,2605.078287059491,2601.378294748152,2604.4963481612735,599.0613001218685
2024-01-11 19:00:00+00:00,2600.463261125701,2602.271741717029,2598.9834965079817,2601.8261149887985,640.1967499557725
2024-01-11 19:15:00+00:00,2597.7309093663353,2598.7599885635136,2597.6462820945685,2598.5385102267473,979.2739491636348
2024-01-11 19:30:00+00:00,2597.6609647853647,2600.8930785923526,2597.530939161004,2599.641698731632,677.9162321778343
2024-01-11 19:45:00+00:00,2602.2067312439785,2603.1546226497207,2602.3870583673124,2602.885729873945,127.70791197467194
2024-01-11 20:00:00+00:00,2608.4601947634947,2608.5896593727653,2607.143230802323,2607.7940003397825,751.4224989674709
2024-01-11 20:15:00+00:00,2606.7592797746574,2607.32359448554,2604.912995198778,2607.118970893311,914.9218229236741
2024-01-11 20:30:00+00:00,2610.8557396676747,2611.220332889536,2610.232384044992,2610.4547762125203,816.022224814894
2024-01-11 20:45:00+00:00,2609.551501021534,2611.1690772477623,2609.815285635986,2610.876376591159,625.4499453628804
2024-01-11 21:00:00+00:00,2611.6423348954877,2611.8807487514255,2609.866835116383,2610.9478443052344,704.1731617841647
2024-01-11 21:15:00+00:00,2613.295113243526,2616.457803963552,2612.3789737497877,2613.7787574795393,991.1726103265046
2024-01-11 21:30:00+00:00,2616.0181025721695,2617.5235637968626,2613.294054662151,2616.0074905788324,181.5958796584045
2024-01-11 21:45:00+00:00,2612.328439800224,2612.848532710225,2612.3805331624267,2612.409315204419,700.5203457699156
2024-01-11 22:00:00+00:00,2615.6836720103797,2617.3495078443225,2615.324958794542,2616.7927983477866,355.05792511353445
2024-01-11 22:15:00+00:00,2619.9234536423132,2622.4997890954423,2620.6862020791546,2620.930838403759,676.0813569275531
2024-01-11 22:30:00+00:00,2620.660853008521,2621.612471439328,2618.8606990983903,2619.815705292058,646.8612182955449
2024-01-11 22:45:00+00:00,2621.7257021291416,2622.306922018763,2620.9167972805258,2621.377065832101,238.11114889734586
2024-01-11 23:00:00+00:00,2624.1151739573247,2623.575472159633,2622.7488910713873,2623.1970121211966,286.0719811662152
2024-01-11 23:15:00+00:00,2624.6897402022273,2625.434172173176,2624.0497082665256,2624.4057285578683,659.4666202388921
2024-01-11 23:30:00+00:00,2623.6115913807516,2625.7623380948953,2621.890705025523,2623.486546711842,215.40695257339672
2024-01-11 23:45:00+00:00,2620.7408640235194,2623.372875989136,2620.779074917219,2622.2495408743002,338.6627876172906
2024-01-12 00:00:00+00:00,2622.4706573218814,2623.4355397528843,2621.776809623007,2622.707021533209,851.7209929642022
2024-01-12 00:15:00+00:00,2626.285786560639,2626.5781542508666,2626.2842080934306,2626.3097597966193,394.38235540147474
2024-01-12 00:30:00+00:00,2629.974503812729,2629.843193224066,2628.08138708525,2628.2634104174476,539.2541406426967
2024-01-12 00:45:00+00:00,2628.4167609164397,2628.3349171229174,2627.258076950361,2627.815029262346,947.0263016312563
2024-01-12 01:00:00+00:00,2631.7165176668254,2630.787224451496,2629.9683349811658,2630.3697147293788,304.43417995325166
2024-01-12 01:15:00+00:00,2623.9348152752036,2623.8489010593958,2622.039045390181,2623.412286022202,450.66341562220936
2024-01-12 01:30:00+00:00,2626.3301884278435,2627.0757032662673,2626.512706589433,2626.9530418197405,645.811997989191
2024-01-12 01:45:00+00:00,2623.0138004578,2623.6055939262305,2621.1526513494186,2622.911398310614,779.805036553575
2024-01-12 02:00:00+00:00,2622.6918624024843,2624.471202828004,2621.5102567685412,2622.4853647174414,911.4880480414346
2024-01-12 02:15:00+00:00,2619.2544333436217,2620.495951688752,2619.806256501068,2620.0746525780164,923.9256888161636
2024-01-12 02:30:00+00:00,2616.8727340900173,2619.5045871747693,2617.166989915566,2617.2080746719575,798.9760669353607
2024-01-12 02:45:00+00:00,2620.592309835819,2620.7961792054907,2618.665517805896,2620.772065965528,305.4977529339794
2024-01-12 03:00:00+00:00,2621.4728551273424,2620.3656799768605,2620.0436409784716,2620.070576034142,122.32839703830922
2024-01-12 03:15:00+00:00,2619.684623706174,2622.4108334463353,2621.123798198219,2621.5028461092834,445.39653732006144
2024-01-12 03:30:00+00:00,2622.9580217480843,2623.568206428396,2620.358662752344,2621.9041749642433,227.393965889041
2024-01-12 03:45:00+00:00,2622.8606285779642,2625.9133389456038,2623.3917410265035,2623.679912191231,739.3488826944682
2024-01-12 04:00:00+00:00,2623.2060070055363,2624.671801246587,2623.606482764123,2624.406304762104,695.0175281431451
2024-01-12 04:15:00+00:00,2622.596730210511,2623.7046416132334,2619.526874469546,2621.5656316320365,139.57447745930935
2024-01-12 04:30:00+00:00,2625.3439386608507,2625.665597332955,2624.4400207422723,2624.7036001617603,852.934401217856
2024-01-12 04:45:00+00:00,2625.029946980188,2626.3179254909683,2623.8004549408015,2623.932689435959,323.868939662064
2024-01-12 05:00:00+00:00,2621.0749031136056,2621.391122426983,2620.3214288663494,2620.3755231853675,489.004367941938
2024-01-12 05:15:00+00:00,2621.5766227393983,2620.502265055414,2618.4192810218487,2619.777843973541,701.1403619101682
2024-01-12 05:30:00+00:00,2624.7259892048805,2624.544315748497,2623.798424899581,2624.2372479034802,486.476908167028
2024-01-12 05:45:00+00:00,2626.857704899002,2627.3211683308577,2625.0532831050136,2626.994726646307,497.1590225199491
2024-01-12 06:00:00+00:00,2626.9044912563536,2628.180908073207,2625.2993640757613,2626.604247296626,159.06519580216633
2024-01-12 06:15:00+00:00,2627.300773579128,2626.3965430364233,2626.033752251854,2626.21223563263,461.2991943340034
2024-01-12 06:30:00+00:00,2625.2106302438187,2628.475472700787,2625.781915235802,2625.892815599571,788.3631038979852
2024-01-12 06:45:00+00:00,2631.3062256054304,2633.348272008807,2630.471048950173,2631.878122705032,923.6587034679379
2024-01-12 07:00:00+00:00,2633.1389454720256,2633.6548556635507,2632.150993135096,2633.410151618321,472.1474233570346
2024-01-12 07:15:00+00:00,2633.2212582527845,2635.4782669514207,2632.0069942178056,2635.069832467103,481.227244191171
2024-01-12 07:30:00+00:00,2638.4351417036773,2638.3883594107238,2638.2912766379336,2638.313710317668,732.3643956912869
2024-01-12 07:45:00+00:00,2637.812166727291,2641.0803472014913,2638.805133377138,2639.4716277941066,948.494800994749
2024-01-12 08:00:00+00:00,2639.3624724200286,2641.8905793069407,2639.2042568518627,2639.315792325844,340.35484621542423
2024-01-12 08:15:00+00:00,2640.086686662527,2639.514913890241,2638.383735162849,2639.325426244381,496.12978588414313
2024-01-12 08:30:00+00:00,2639.2447361340046,2642.0637615229703,2637.2612360792145,2639.66433406231,816.3759191970711
2024-01-12 08:45:00+00:00,2641.5699622339935,2641.09690364657,2639.1623935060675,2640.094047691937,648.7242124366346
2024-01-12 09:00:00+00:00,2641.257733775772,2642.66901884042,2640.7050573935217,2642.544213175804,199.52770956755927
2024-01-12 09:15:00+00:00,2644.2596592740774,2643.7646338483064,2640.9579253045094,2643.210075195453,664.9594620060392
2024-01-12 09:30:00+00:00,2646.271786813182,2646.8191661324863,2645.5241172570804,2645.6763887567454,268.07165613759423
2024-01-12 09:45:00+00:00,2644.478456162255,2647.6847198893056,2645.534343019694,2645.9919929071193,559.1943406705637
2024-01-12 10:00:00+00:00,2649.120941735345,2648.1079437411727,2645.552687345621,2646.7293621133717,576.1929408943946
2024-01-12 10:15:00+00:00,2641.9181503308323,2642.745142654868,2640.492469346881,2641.974288132596,888.5830260024863
2024-01-12 10:30:00+00:00,2644.1516174095414,2645.096525674542,2643.9110949302635,2644.925243956664,516.2448466111944
2024-01-12 10:45:00+00:00,2645.1298352032654,2647.138318916469,2646.2809879053893,2646.3710601470584,351.49818001230483
2024-01-12 11:00:00+00:00,2649.349023496801,2650.479810510911,2648.1804552489352,2649.5433392633686,307.8697133944284
2024-01-12 11:15:00+00:00,2642.296895590791,2643.5394799874366,2641.7462873827913,2642.4091159511368,886.8266890159025
2024-01-12 11:30:00+00:00,2648.5534797332,2650.6471565549555,2648.1340221509267,2648.4628621097672,253.90976897640556
2024-01-12 11:45:00+00:00,2648.3599449996955,2650.040683371348,2648.519409359129,2648.622861568849,483.28170479482935
2024-01-12 12:00:00+00:00,2652.6498019965047,2653.057497534497,2651.5592810657,2652.090011823108,268.4558034342523
2024-01-12 12:15:00+00:00,2649.5210521814724,2650.342294156836,2649.5962645583377,2649.863440888863,795.9736361029378
2024-01-12 12:30:00+00:00,2650.307536308853,2653.7327735962062,2650.6523036994845,2652.018056234549,526.935375977157
2024-01-12 12:45:00+00:00,2649.623824406055,2650.5140954919116,2649.6946988920777,2649.755748233276,416.0293215011308
2024-01-12 13:00:00+00:00,2646.542908654992,2649.2298434394534,2647.2111982203264,2648.6331018818887,424.9896765638201
2024-01-12 13:15:00+00:00,2654.5513152060494,2656.71978710597,2654.130711821804,2654.238318017949,866.9927860506815
2024-01-12 13:30:00+00:00,2653.3966091236352,2655.804889226156,2653.6251662266945,2654.263049262093,598.3965588649943
2024-01-12 13:45:00+00:00,2655.515851328377,2655.7471766421445,2651.999756711943,2655.3712571980404,746.0810660181372
2024-01-12 14:00:00+00:00,2659.3785693563104,2658.6140799222894,2658.161181186698,2658.214205095494,907.334664625616
2024-01-12 14:15:00+00:00,2659.2228758528067,2661.6727630737805,2658.1964363308284,2660.0641199738584,911.5675084365778
2024-01-12 14:30:00+00:00,2661.9377531035325,2661.513955571785,2660.8178935385126,2660.9964200686404,395.6581489040768
2024-01-12 14:45:00+00:00,2662.1155707534213,2662.834978290884,2661.8088076402178,2662.500204023329,957.2061368317468
2024-01-12 15:00:00+00:00,2671.00084589147,2669.7001242724095,2667.207356275956,2669.440829296022,122.3882938131449
2024-01-12 15:15:00+00:00,2669.495970521483,2670.829848536463,2669.0340683731847,2669.820934551824,439.1520049145491
2024-01-12 15:30:00+00:00,2670.143723306243,2672.292503716702,2668.7787648556077,2670.8920119732793,906.2189717579574
2024-01-12 15:45:00+00:00,2674.8470767499102,2676.447937877417,2673.1422576561936,2674.2344645001176,347.1731918352846
2024-01-12 16:00:00+00:00,2677.3390514586786,2678.3754499853135,2675.879592991941,2677.728026916297,345.7733052891865
2024-01-12 16:15:00+00:00,2680.692593697036,2682.2654396744906,2680.8599304614727,2681.4446938086257,372.36005657369986
2024-01-12 16:30:00+00:00,2683.267187181899,2684.353771622401,2683.348958572724,2683.6946459315477,651.08204636223
2024-01-12 16:45:00+00:00,2681.1252357442,2681.645069509154,2681.071752177552,2681.1651015699968,494.4994980529184
2024-01-12 17:00:00+00:00,2687.2870800882793,2686.272559684212,2685.159766021779,2686.0853432954127,754.0613527180083
2024-01-12 17:15:00+00:00,2681.814510984754,2684.537027318039,2682.6272996775133,2683.5445812143944,905.4195783081992
2024-01-12 17:30:00+00:00,2684.9144213112877,2687.45697406605,2684.5262979576396,2684.8937649388517,706.7794374485745
2024-01-12 17:45:00+00:00,2683.9649622039815,2685.174775705526,2683.3868589423246,2683.406005517727,284.02004817781796
2024-01-12 18:00:00+00:00,2683.9436594607337,2683.8681311884725,2683.569858960923,2683.7706022611965,939.413712124452
2024-01-12 18:15:00+00:00,2686.362466825549,2685.7425231666157,2685.058712238682,2685.1900545169756,338.04358601273066
2024-01-12 18:30:00+00:00,2686.523784243281,2686.710230534807,2686.004678268526,2686.590362725429,234.90486579534232
2024-01-12 18:45:00+00:00,2688.0963545118584,2688.3122285683708,2687.1274979753907,2688.26172870486,180.9705509748648
2024-01-12 19:00:00+00:00,2693.6736260584976,2695.4730689241073,2692.6131738636354,2693.1418835545214,607.045366599549
2024-01-12 19:15:00+00:00,2694.9917330929397,2696.916875807328,2694.291335024529,2694.9025194095652,202.3862162325866
2024-01-12 19:30:00+00:00,2694.4328351972304,2694.8392060255906,2692.6516497484204,2694.7835242091055,224.89829570136766
2024-01-12 19:45:00+00:00,2698.386485862609,2698.5199063551563,2697.854558473611,2697.922313688783,370.02743253594696
2024-01-12 20:00:00+00:00,2701.0859631859457,2702.9589911226017,2701.025866231847,2701.6736026742064,353.48770871601744
2024-01-12 20:15:00+00:00,2698.348932643883,2700.276774780548,2697.915098485479,2698.898767731366,643.8155592989281
2024-01-12 20:30:00+00:00,2700.576348346922,2701.6911641140955,2700.116690440968,2701.051728068555,835.0707515254134
2024-01-12 20:45:00+00:00,2704.706274303871,2703.8487214665215,2702.5960873335835,2703.48693936968,785.2146905826032
2024-01-12 21:00:00+00:00,2700.320815208679,2704.367695777259,2702.447229449347,2703.223190578924,336.23600924482906
2024-01-12 21:15:00+00:00,2707.843061499942,2710.3657546603827,2706.7598688214557,2707.486035393029,320.77944818738194
2024-01-12 21:30:00+00:00,2707.652194268189,2707.755417487744,2706.2215834069366,2707.6212625705775,969.2123770962709
2024-01-12 21:45:00+00:00,2706.98539628912,2709.3193145785203,2707.951140368084,2708.5029438181277,107.41261743276411
2024-01-12 22:00:00+00:00,2708.855519337776,2709.161288344258,2707.346237432091,2708.5758798433394,891.7484797541942
2024-01-12 22:15:00+00:00,2709.5894843950277,2709.7965674172065,2708.9925917250143,2709.15985499596,279.75566721016446
2024-01-12 22:30:00+00:00,2707.264788946774,2707.6904674391817,2706.5645861385715,2706.73279033278,952.5558907807911
2024-01-12 22:45:00+00:00,2700.9887526394286,2704.3410219092743,2703.092658415349,2703.3783841941736,408.0765563447677
2024-01-12 23:00:00+00:00,2709.467466510823,2708.3838196272523,2707.222966643848,2708.2339657722714,496.3165965039271
2024-01-12 23:15:00+00:00,2705.8168525917577,2707.695782937863,2706.041824412772,2706.482409729838,736.4085525499429
2024-01-12 23:30:00+00:00,2704.9602720905045,2705.4798732399922,2701.264063146098,2704.3413675707766,628.9021463259343
2024-01-12 23:45:00+00:00,2699.7306252043204,2699.562146955224,2697.9137856638276,2699.0638900438876,386.1453967361405
2024-01-13 00:00:00+00:00,2697.090956582706,2701.8007160058673,2697.1804762961247,2697.879364241367,598.4478242810412
2024-01-13 00:15:00+00:00,2695.444384696414,2695.356149102369,2694.1380453229303,2694.85110428577,757.6361959265976
2024-01-13 00:30:00+00:00,2699.4727147838544,2701.2215760241797,2698.646176486058,2699.8196355242467,138.1014513122429
2024-01-13 00:45:00+00:00,2701.2215285299794,2705.292641019172,2703.073212646642,2703.0879000599557,110.07937473013371
2024-01-13 01:00:00+00:00,2702.8203649746374,2703.4403290618097,2701.5831614610643,2701.7687087765316,512.2602451656021
2024-01-13 01:15:00+00:00,2707.703043252144,2708.5509156596327,2704.450959908991,2708.4027545563904,218.65295602316277
2024-01-13 01:30:00+00:00,2710.8329937585518,2713.406718223077,2711.3556780494937,2711.605343438383,697.909862318243
2024-01-13 01:45:00+00:00,2710.9025980732936,2711.691434462525,2709.7347630444087,2711.266871118256,292.64721060469077
2024-01-13 02:00:00+00:00,2705.285201071175,2705.8600385660807,2704.670478266258,2705.039730685121,489.56599611610386
2024-01-13 02:15:00+00:00,2711.734460021171,2712.40438575059,2708.9732382502807,2711.7862283916247,277.9038431868421
2024-01-13 02:30:00+00:00,2709.057104565233,2709.184017447532,2708.437744762442,2708.5622800988226,593.6352271742121
2024-01-13 02:45:00+00:00,2703.442538836327,2705.5894810424197,2704.6284841530446,2704.650155544171,204.44811344611202
2024-01-13 03:00:00+00:00,2707.2886857327408,2709.521786243041,2706.882930417492,2707.9588029684114,120.79616750873222
2024-01-13 03:15:00+00:00,2715.0116051087552,2717.494796692491,2713.794838007691,2715.1165869671217,146.01847429602748
2024-01-13 03:30:00+00:00,2721.141866695988,2719.951664990146,2718.7367725187028,2719.4214815382566,958.832597363779
2024-01-13 03:45:00+00:00,2721.396419151841,2721.714737340291,2721.2947180850097,2721.499666080271,228.05759674984225
2024-01-13 04:00:00+00:00,2724.648709551327,2723.795034659148,2722.620121827851,2723.663449479961,737.6304278231516
2024-01-13 04:15:00+00:00,2726.569151329588,2727.1011846776228,2724.996260151318,2726.5341106686437,161.13358380054362
2024-01-13 04:30:00+00:00,2728.709923853346,2730.4404575544154,2728.727041507701,2729.149916163284,197.34431701166395
2024-01-13 04:45:00+00:00,2730.238918366247,2731.2938727144347,2728.7247362973003,2730.463475709117,557.9886262684013
2024-01-13 05:00:00+00:00,2731.140877466892,2733.0929494565157,2730.727978034931,2731.2942120617795,518.3838371389093
2024-01-13 05:15:00+00:00,2732.21919000037,2732.7294623475664,2730.310293246871,2731.669536441729,956.4222784958827
2024-01-13 05:30:00+00:00,2731.407675373,2731.524812073829,2729.40634669665,2730.1567073156248,950.3519077186636
2024-01-13 05:45:00+00:00,2730.2637625511593,2730.963510792078,2727.4775657431305,2729.9364605977335,801.6477782882185
2024-01-13 06:00:00+00:00,2726.9424282818086,2727.862952592645,2724.089848449924,2725.863824248124,641.8916471146148
2024-01-13 06:15:00+00:00,2725.264233063773,2726.8243971306406,2723.6151558836664,2726.140950667952,509.4642856537099
2024-01-13 06:30:00+00:00,2723.615504200758,2725.3203592565137,2723.821892157841,2723.9919875953656,420.56068089557897
2024-01-13 06:45:00+00:00,2720.874658458037,2722.2333783357667,2721.5103682092854,2721.5317292341742,952.3787922779999
2024-01-13 07:00:00+00:00,2722.8511849953934,2723.897728929988,2722.268162452938,2722.565819630299,642.617930282217
2024-01-13 07:15:00+00:00,2726.5773209660038,2727.6155187987038,2726.29506609346,2726.903602603914,621.165274917395
2024-01-13 07:30:00+00:00,2730.618932387608,2731.461334398586,2729.6809818845254,2729.9548499979896,308.7110095920234
2024-01-13 07:45:00+00:00,2725.3699705995914,2726.666909295417,2725.7150514739883,2726.216007856123,142.02803609660177
2024-01-13 08:00:00+00:00,2724.103233725372,2725.126816924209,2722.6470604281376,2724.0641606812974,950.6697217835899
2024-01-13 08:15:00+00:00,2727.797861313814,2728.9878220443825,2724.507589189512,2727.1734677568033,382.36173296018853
2024-01-13 08:30:00+00:00,2723.1643124722104,2726.6709722465043,2724.537636162183,2725.0403235863437,498.33012099201284
2024-01-13 08:45:00+00:00,2726.900327568963,2726.1908492114526,2724.681886469562,2724.9731980860643,203.17594922713616
2024-01-13 09:00:00+00:00,2726.7604499030926,2728.235387215488,2725.766168044496,2727.017836649942,853.2318969183628
2024-01-13 09:15:00+00:00,2723.083992845825,2727.416139769378,2722.564700084321,2724.9233523625726,124.86864957033757
2024-01-13 09:30:00+00:00,2725.899246055399,2726.313957041645,2724.8896182576927,2725.7556042787164,850.5916858891868
2024-01-13 09:45:00+00:00,2722.696631748746,2723.635987710075,2722.6100668446393,2722.666279947901,226.2565115091701
2024-01-13 10:00:00+00:00,2721.4994152103645,2724.6785508996118,2720.817081513604,2721.5737090738194,897.9077013680369
2024-01-13 10:15:00+00:00,2723.888369032712,2723.8296172861337,2722.1836707324824,2722.9887016321595,756.7953736025416
2024-01-13 10:30:00+00:00,2719.8757197772343,2721.2852754613195,2716.6876370074024,2719.198236094607,248.2032362565746
2024-01-13 10:45:00+00:00,2721.210539494348,2723.4980693099446,2720.3572000058034,2720.9403717097052,609.2361935735213
2024-01-13 11:00:00+00:00,2721.839526621576,2722.4009691291644,2720.0303949549298,2721.431170763604,381.3906829196975
2024-01-13 11:15:00+00:00,2723.385051691649,2726.0441518352695,2723.0210275329187,2723.479791067673,260.40978902042514
2024-01-13 11:30:00+00:00,2726.247078629925,2725.14177406754,2723.481445314379,2724.634557388536,873.2639794699976
2024-01-13 11:45:00+00:00,2727.5540773432,2729.496295043642,2727.6365698897794,2728.89960315236,463.17048985650644
2024-01-13 12:00:00+00:00,2729.914325623429,2730.039997413364,2729.335779956101,2729.7872525034068,458.68934292884427
2024-01-13 12:15:00+00:00,2729.2202502374607,2729.741649792133,2728.4649404835595,2729.16109600622,252.89800732595802
2024-01-13 12:30:00+00:00,2730.780935815659,2730.3442697670775,2729.836828960546,2730.040839574798,444.7591084772008
2024-01-13 12:45:00+00:00,2731.3023383792333,2733.817803890417,2731.017955818092,2732.070827899741,884.4551616959651
2024-01-13 13:00:00+00:00,2731.1624749365988,2734.0520375287247,2729.496501047045,2732.750815845521,426.81583944067233
2024-01-13 13:15:00+00:00,2733.551259199103,2734.333624173718,2732.2777850328757,2733.4083720840563,956.4432062498092
2024-01-13 13:30:00+00:00,2732.292678810723,2733.0920350773854,2730.4522055470966,2732.036568147783,951.6780092875487
2024-01-13 13:45:00+00:00,2732.128117459877,2731.9057309347586,2730.0813593602916,2730.772198575099,230.4087933766114
2024-01-13 14:00:00+00:00,2726.335164795948,2728.7180455762923,2726.0911088765884,2727.490131444186,259.58012817038036
2024-01-13 14:15:00+00:00,2733.8646234884172,2733.4293266888412,2732.727599577466,2732.8127695315566,876.4066632987002
2024-01-13 14:30:00+00:00,2732.115891888379,2731.5770212571515,2729.8152902643014,2729.9615751396364,453.48482703224727
2024-01-13 14:45:00+00:00,2728.272702655432,2730.2235052177566,2727.1448707446843,2728.616294464622,103.9365840547084
2024-01-13 15:00:00+00:00,2726.02857308634,2729.475555112977,2726.9630947343926,2727.202126541755,346.4846377348339
2024-01-13 15:15:00+00:00,2729.819469566705,2732.269207299679,2729.6447355637415,2730.189841993713,637.866093876004
2024-01-13 15:30:00+00:00,2729.9433678495197,2730.9347221619405,2729.4386991702722,2729.9306236530833,819.3393693639712
2024-01-13 15:45:00+00:00,2734.3994985694135,2736.321338659808,2733.1963886813824,2733.885721362294,220.0497553839336
2024-01-13 16:00:00+00:00,2732.0528784344715,2734.8549958131116,2732.1940146339407,2732.5915585166404,199.4872279750618
2024-01-13 16:15:00+00:00,2735.3180202696108,2734.6176620287056,2733.2077117662575,2733.900767447598,929.8833882150984
2024-01-13 16:30:00+00:00,2731.1493148419654,2733.1688282738814,2731.4623128414105,2732.1643433254817,776.0335310403244
2024-01-13 16:45:00+00:00,2736.9915447556123,2739.5671092370685,2736.9374834269547,2738.5791951041983,630.8016407002706
2024-01-13 17:00:00+00:00,2736.8851878497485,2737.312441096404,2733.434452198102,2735.8759137186585,792.2681109963353
2024-01-13 17:15:00+00:00,2735.1956574122196,2738.3078103121265,2737.2526668840446,2737.271075531058,485.9689251759746
2024-01-13 17:30:00+00:00,2739.3678923931434,2741.431629682241,2739.2463020105397,2739.5543005885415,782.6101725782139
2024-01-13 17:45:00+00:00,2744.085119663076,2742.189210445003,2739.9633334049963,2741.2363527138914,434.6226921470822
2024-01-13 18:00:00+00:00,2741.2656781112482,2741.6656030473573,2737.252957736405,2741.276683014885,319.6851152433421
2024-01-13 18:15:00+00:00,2740.444887361817,2742.8231827499685,2739.997822843574,2741.4690706450715,756.1120791636718
2024-01-13 18:30:00+00:00,2742.085089829537,2743.2986446615014,2741.549573742359,2742.1375537431836,477.7050629415415
2024-01-13 18:45:00+00:00,2742.236448684835,2743.9962896645316,2741.7127142762683,2742.2828853959004,983.2393938935753
2024-01-13 19:00:00+00:00,2745.6234494757664,2746.5462714277633,2744.6524939925694,2745.4764292675654,414.5366640772909
2024-01-13 19:15:00+00:00,2752.7099847497598,2752.1561390827096,2750.7842826491064,2752.102446225345,929.5546784779593
2024-01-13 19:30:00+00:00,2750.165861969101,2751.693627445581,2748.632295202726,2751.1187680482294,939.6662937103715
2024-01-13 19:45:00+00:00,2749.448121858859,2750.685743892288,2747.206946837784,2747.9023827515284,317.66765235827154
2024-01-13 20:00:00+00:00,2748.4339317184867,2749.680853261974,2746.7582930455874,2748.209389925847,818.399063429212
2024-01-13 20:15:00+00:00,2756.5268878465404,2758.4930414605046,2755.505188184957,2755.859240483639,489.76705463010865
2024-01-13 20:30:00+00:00,2753.619418186358,2755.9594132656416,2753.7721850354724,2754.196100395449,925.7722545073133
2024-01-13 20:45:00+00:00,2760.4492062667628,2759.52746203324,2756.412656464947,2759.266049414368,505.11184537171494
2024-01-13 21:00:00+00:00,2764.2151231417197,2765.8445080726656,2762.519909752783,2764.4519928229874,769.8733456036294
2024-01-13 21:15:00+00:00,2763.7303576773734,2765.2086614096515,2761.813043029282,2763.474687895506,520.2706682474181
2024-01-13 21:30:00+00:00,2764.740370882899,2765.855988146563,2765.351784807827,2765.600570449352,305.02068014157055
2024-01-13 21:45:00+00:00,2769.7410906322352,2771.961134141389,2769.5011382267144,2770.661810760639,279.41511605021765
2024-01-13 22:00:00+00:00,2770.8010336952802,2770.1828654130372,2770.0242816922496,2770.1655528175465,482.888074830711
2024-01-13 22:15:00+00:00,2769.7460146583244,2774.1285960886244,2768.988799896503,2770.1556346450798,779.9451913127934
2024-01-13 22:30:00+00:00,2768.310414114016,2771.4087787334156,2768.0589005121806,2769.098520863579,644.5643366626902
2024-01-13 22:45:00+00:00,2766.25010221972,2768.3079660281774,2765.9379440087955,2766.8432980594903,719.766360910489
2024-01-13 23:00:00+00:00,2766.2448383513356,2765.83944698262,2764.256336083599,2765.6004966972328,354.09371565874824
2024-01-13 23:15:00+00:00,2762.1908406216617,2763.8364552698654,2762.7517574695225,2762.770136294172,533.291811361845
2024-01-13 23:30:00+00:00,2763.308554265349,2764.0266886360228,2762.5881516413197,2763.4169308086766,139.9557384723943
2024-01-13 23:45:00+00:00,2761.856140680343,2762.854736822521,2759.6897439871195,2761.842305921508,835.7791743623086
2024-01-14 00:00:00+00:00,2761.274709809072,2763.3569772566375,2761.90863328123,2763.0406140902146,990.9029460158872
2024-01-14 00:15:00+00:00,2757.943666623554,2761.860008789726,2758.711939626561,2759.296758063904,466.1911563622038
2024-01-14 00:30:00+00:00,2761.071464141,2761.5947144569764,2759.4288550699475,2760.7620030679645,109.86728781838902
2024-01-14 00:45:00+00:00,2762.937849984428,2764.028803434318,2762.8725999333747,2763.616805560652,252.81337559585262
2024-01-14 01:00:00+00:00,2759.6357672298295,2759.5449753123385,2758.0202355108704,2758.6640508883534,687.274189975377
2024-01-14 01:15:00+00:00,2761.137677246193,2761.708469310718,2758.201432238021,2760.248134744138,650.8713863834732
2024-01-14 01:30:00+00:00,2764.854309791403,2764.699755629144,2763.061554344557,2764.1916697791676,809.0782476269895
2024-01-14 01:45:00+00:00,2763.07727751376,2761.6067041132696,2759.836756043958,2761.4022368857245,328.49560986496135
2024-01-14 02:00:00+00:00,2766.501382584193,2767.7967790945236,2766.0074292717986,2766.5780069531083,787.2687239924206
2024-01-14 02:15:00+00:00,2768.8898661817802,2769.276918695802,2767.2686366389858,2768.291101494647,719.1856193713028
2024-01-14 02:30:00+00:00,2766.3544428753025,2768.535218731679,2764.6425600002603,2766.893434617078,390.53304794245895
2024-01-14 02:45:00+00:00,2769.5546766407633,2769.279915112767,2764.493985566592,2767.2925349897914,590.9393332512658
2024-01-14 03:00:00+00:00,2771.2229962266433,2769.721553824337,2767.657455232336,2769.3918432742767,232.54642764849405
2024-01-14 03:15:00+00:00,2770.167286068615,2770.220033248802,2769.0773130630305,2770.156315848377,507.30805309202435
2024-01-14 03:30:00+00:00,2772.5607734389546,2773.4574291207773,2771.825937753441,2772.2035415337373,893.0776056000768
2024-01-14 03:45:00+00:00,2771.461585680505,2771.8307966376015,2769.628175140737,2770.2064073740758,479.0722418428517
2024-01-14 04:00:00+00:00,2771.09388295784,2772.151813551087,2769.57941577598,2771.229802084775,855.6100358278798
2024-01-14 04:15:00+00:00,2767.262544297358,2770.5548777892323,2766.7354651509177,2767.868360627489,631.228028733725
2024-01-14 04:30:00+00:00,2768.920520557337,2769.3297353514267,2766.602548024239,2768.114086110378,272.6890417921211
2024-01-14 04:45:00+00:00,2766.238600405068,2766.6890914236697,2765.4084764854665,2766.166275072682,622.9956202281068
2024-01-14 05:00:00+00:00,2764.8539474817417,2765.0052443636837,2762.8386872126707,2764.685306793022,555.3849962413572
2024-01-14 05:15:00+00:00,2767.8885672690144,2769.5534591305286,2767.656061330326,2768.6585047521,458.7772016767456
2024-01-14 05:30:00+00:00,2770.648746642709,2772.5349516331353,2770.446867345222,2772.236010837544,207.66739556446328
2024-01-14 05:45:00+00:00,2774.6984312175396,2775.6910469773334,2770.8899895198333,2774.4800404165712,475.03779746250683
2024-01-14 06:00:00+00:00,2772.841627251382,2773.227073916655,2770.3426182027592,2772.005440683837,165.4861386156644
2024-01-14 06:15:00+00:00,2771.4741530499,2772.682153840099,2770.7141827828477,2771.6827746088347,188.89214625887612
2024-01-14 06:30:00+00:00,2776.931187422986,2776.873807982736,2775.0334791599753,2775.6022017772575,474.3248796394444
2024-01-14 06:45:00+00:00,2775.899347580944,2778.4325619877295,2775.4633164272195,2776.5508340677593,374.8433337716173
2024-01-14 07:00:00+00:00,2782.5760902405464,2785.183355479374,2781.5081053708636,2783.554699421253,932.9898932760011
2024-01-14 07:15:00+00:00,2785.1443053523117,2785.3937438736016,2783.448184686273,2785.206722120156,438.1352248422435
2024-01-14 07:30:00+00:00,2786.222164829511,2786.409765746569,2785.217964456324,2786.298874029412,782.0723098648901
2024-01-14 07:45:00+00:00,2786.709902510696,2786.766660585969,2785.8848628222017,2785.9948595348615,577.2227737296184
2024-01-14 08:00:00+00:00,2786.2043368708264,2788.1250083633226,2786.030935302119,2786.9242577685773,733.6771017781019
2024-01-14 08:15:00+00:00,2788.3277092964604,2787.0985736005528,2786.138312962283,2787.056723882587,334.10438471385925
2024-01-14 08:30:00+00:00,2791.41778700491,2792.590956353217,2788.1565169377536,2789.5888238129164,947.7144755544962
2024-01-14 08:45:00+00:00,2792.78097386082,2794.0413048624796,2791.9801592682643,2792.817414567551,577.0796472229815
2024-01-14 09:00:00+00:00,2792.3440552063366,2793.3605377743393,2788.922167487282,2791.181332407759,848.1916641567246
2024-01-14 09:15:00+00:00,2787.0437943782595,2790.121427868254,2787.445973699926,2788.0256413525653,428.54112412850213
2024-01-14 09:30:00+00:00,2784.465203559987,2783.9270280807527,2781.773992513703,2783.467588789771,190.19021414547208
2024-01-14 09:45:00+00:00,2786.411332310878,2785.733750203737,2783.540156447738,2785.438957474996,706.3404829487639
2024-01-14 10:00:00+00:00,2783.7247812117744,2783.7972889736975,2782.0817693016097,2782.9238211534034,106.98368350368203
2024-01-14 10:15:00+00:00,2777.479969884009,2777.894391857873,2776.2300375487307,2777.494378681293,527.7636789089574
2024-01-14 10:30:00+00:00,2776.3928867117056,2781.100774886394,2776.942827939273,2779.1296336376217,273.5217123998133
2024-01-14 10:45:00+00:00,2786.0278308501793,2790.0902084676513,2785.9876060524516,2786.6239149186304,664.637953991826
2024-01-14 11:00:00+00:00,2786.5828644827197,2788.9439309740324,2785.0793544865637,2787.16437475808,981.4778858240669
2024-01-14 11:15:00+00:00,2789.1505259327687,2790.5318756468705,2788.779389028692,2790.06032269549,517.9626156885813
2024-01-14 11:30:00+00:00,2790.96047491861,2792.5310606453327,2789.000965869946,2790.8467544211135,835.7484308731
2024-01-14 11:45:00+00:00,2790.739158503094,2792.6296199470935,2790.892930558476,2791.1289521706594,557.0057682560089
2024-01-14 12:00:00+00:00,2793.486128784042,2796.5963214223602,2794.1430129628325,2794.254187304438,546.2560279936217
2024-01-14 12:15:00+00:00,2793.015852107716,2795.322822699386,2792.9418702181383,2794.001948666867,937.3811438609
2024-01-14 12:30:00+00:00,2794.6414558403812,2796.9201339738024,2794.3349304480485,2795.3081489333795,900.9692818720133
2024-01-14 12:45:00+00:00,2797.8123594599574,2798.357237322857,2796.3769664915185,2796.766835526034,807.220418669177
2024-01-14 13:00:00+00:00,2794.8420460932266,2795.931207192951,2795.166340185343,2795.458002019391,366.6301779851057
2024-01-14 13:15:00+00:00,2798.3118910964827,2800.104822695134,2798.354746239374,2798.7922932575043,590.5075741515465
2024-01-14 13:30:00+00:00,2798.436298650881,2799.165528321678,2797.6618062024263,2798.8623765749344,301.5075099751165
2024-01-14 13:45:00+00:00,2797.623444178187,2798.7420272580057,2796.5331024348457,2797.3073544950857,499.5250282418858
2024-01-14 14:00:00+00:00,2799.7940945724135,2800.9091600737556,2799.0082190385074,2799.3683577786005,535.7917591838116
2024-01-14 14:15:00+00:00,2794.574716588369,2798.89831817575,2795.900213355724,2797.4137712989536,848.4760361523978
2024-01-14 14:30:00+00:00,2799.0050241151207,2798.796451789641,2797.8716391500802,2798.052161242437,906.4255287924938
2024-01-14 14:45:00+00:00,2799.926240528212,2799.0923770708864,2797.394582174219,2798.5863072239554,473.15805615683007
2024-01-14 15:00:00+00:00,2801.2063719120238,2804.654901217182,2801.123922677452,2802.1873117086648,115.9340005659135
2024-01-14 15:15:00+00:00,2803.169780254878,2804.079020263505,2802.706347374709,2804.0785804821785,875.5964558104191
2024-01-14 15:30:00+00:00,2804.1483392956256,2806.2265854876496,2804.1872651864974,2804.569261566052,256.8508106512246
2024-01-14 15:45:00+00:00,2806.7176358018905,2808.0560428659687,2805.6933164318903,2807.4251106912257,659.6937675013542
2024-01-14 16:00:00+00:00,2812.102936970335,2814.8259214312357,2810.7611300576887,2811.893050830087,122.47381039071807
2024-01-14 16:15:00+00:00,2812.1988831994195,2815.4525191298226,2813.7595522431557,2814.0247399703503,459.55582773450783
2024-01-14 16:30:00+00:00,2813.5678937890843,2815.1254292858316,2813.692575296376,2814.616739708872,987.3642719038148
2024-01-14 16:45:00+00:00,2812.931564588874,2812.074502624595,2811.12315786486,2811.489085879105,190.6242409934228
2024-01-14 17:00:00+00:00,2808.188738839083,2809.1335909640834,2806.9369834607883,2809.0578800436474,481.3238367996781
2024-01-14 17:15:00+00:00,2809.9264781383845,2810.141841947835,2808.452593576089,2808.7623133094385,376.4349551709569
2024-01-14 17:30:00+00:00,2807.944876984744,2809.1871973248735,2807.3404015460796,2807.61232635209,914.5793110494378
2024-01-14 17:45:00+00:00,2805.9556432808026,2810.905836018381,2806.890436693186,2807.648906120717,882.4060971166197
2024-01-14 18:00:00+00:00,2808.9643278736494,2808.6449862900395,2808.056053815837,2808.3695814782927,313.9288842756059
2024-01-14 18:15:00+00:00,2810.309344759138,2811.689981865534,2808.735583911663,2810.419576255661,173.06900834538806
2024-01-14 18:30:00+00:00,2810.3568128219827,2812.9604489758512,2809.2598292960806,2810.783552592134,664.4245546550057
2024-01-14 18:45:00+00:00,2812.943487346361,2813.0766289165317,2812.4180614783054,2812.7138226123902,402.7318406953388
2024-01-14 19:00:00+00:00,2813.9029322626166,2815.010668000804,2813.1787259380144,2813.4578118333743,704.8759515454568
2024-01-14 19:15:00+00:00,2809.129459438997,2809.134289812992,2808.4541491665163,2808.4670433349474,128.90778046103304
2024-01-14 19:30:00+00:00,2807.4936245266717,2806.3947846952283,2805.6648966093762,2806.391411635974,220.05931165974047
2024-01-14 19:45:00+00:00,2806.930145947387,2807.375237910755,2806.242691829902,2806.548328226155,717.735009495379
2024-01-14 20:00:00+00:00,2802.4303721648553,2805.247059593588,2803.049293813146,2803.7160012670615,291.133589772248
2024-01-14 20:15:00+00:00,2805.5166614981413,2807.130810794436,2803.5088120856,2805.95967151573,871.8289081861615
2024-01-14 20:30:00+00:00,2813.577753597533,2812.104517510812,2810.063113654752,2810.8202936022576,152.7317989391219
2024-01-14 20:45:00+00:00,2815.490776945172,2816.986477084256,2814.4521947049693,2814.811008474404,293.93378450701715
2024-01-14 21:00:00+00:00,2816.9961716961125,2817.0106876375303,2814.412638513784,2814.7731695876564,998.7042236365618
2024-01-14 21:15:00+00:00,2820.847697820555,2820.345512810759,2817.853913722006,2819.5362055148316,489.7684923281134
2024-01-14 21:30:00+00:00,2820.746793254001,2822.4932494026907,2819.431102446276,2820.5194574381107,732.6690971901792
2024-01-14 21:45:00+00:00,2820.4161662813394,2822.0253195533887,2819.4306710141936,2820.1328302904153,264.3967439713123
2024-01-14 22:00:00+00:00,2818.932848172015,2820.892327578222,2818.2448123877334,2818.9672208164648,648.881861486984
2024-01-14 22:15:00+00:00,2817.0456061635805,2818.888325214385,2817.548752684882,2818.6783769282515,753.4954615324766
2024-01-14 22:30:00+00:00,2818.164970177338,2818.856477368878,2817.6588054347385,2818.1480169010865,383.0289722798595
2024-01-14 22:45:00+00:00,2820.32980604788,2821.724241122532,2818.105578240096,2819.1920980039527,846.00740077829
2024-01-14 23:00:00+00:00,2819.6451052789575,2821.204453596912,2818.7227905373275,2820.208808610754,643.0758206250549
2024-01-14 23:15:00+00:00,2821.1688420573482,2821.123774352505,2820.1781134592115,2820.7814989246217,450.2107086535272
2024-01-14 23:30:00+00:00,2823.3799622252996,2824.027238582772,2820.176858111615,2822.578734633052,601.8781540088428
2024-01-14 23:45:00+00:00,2825.649601178709,2828.2449762033975,2825.7133609930215,2826.5066737896195,619.0847626923319
2024-01-15 00:00:00+00:00,2829.3320719248622,2831.122705854201,2829.2915770668956,2829.7577645197043,248.98176342447942
2024-01-15 00:15:00+00:00,2825.1652346806986,2828.425276583719,2823.757468744841,2826.124149429105,462.4591328802695
2024-01-15 00:30:00+00:00,2818.706806598398,2819.8804079676365,2819.0920998905,2819.4794996228497,409.0875292175438
2024-01-15 00:45:00+00:00,2821.4680069156243,2824.924357640363,2819.572803510886,2822.679505930923,460.8124503212135
2024-01-15 01:00:00+00:00,2818.541464511437,2820.344787549232,2816.5698808831685,2819.387702284287,784.9995296367322
2024-01-15 01:15:00+00:00,2820.6518454728653,2819.510996795766,2819.2699097687264,2819.3178798793424,534.2845667200054
2024-01-15 01:30:00+00:00,2815.724643078113,2817.315610901777,2815.719780475981,2816.584149107782,946.2845379153379
2024-01-15 01:45:00+00:00,2812.194186259249,2812.55497799925,2811.54774349191,2812.0756486290943,364.30877202259256
2024-01-15 02:00:00+00:00,2813.6897531384943,2814.7641472622486,2813.9256864279673,2814.1614710956937,474.1332204564361
2024-01-15 02:15:00+00:00,2817.9688843713425,2816.970653091273,2815.225021053205,2816.8619834907854,808.2611294311373
2024-01-15 02:30:00+00:00,2817.0322629240177,2816.6376328488664,2815.0419143780505,2815.8016052908265,591.4221339886752
2024-01-15 02:45:00+00:00,2809.8860269301804,2809.309582929202,2807.820010934582,2809.0769472409706,592.325331782003
2024-01-15 03:00:00+00:00,2808.391040911441,2808.2148145621595,2805.8130541454298,2808.104488307243,148.00614670466516
2024-01-15 03:15:00+00:00,2809.5504198247563,2812.7574508536986,2808.495481431167,2809.7668276320305,458.73969644661025
2024-01-15 03:30:00+00:00,2805.0608112628047,2806.8185313102617,2803.640243390762,2806.175681199451,343.66035917955924
2024-01-15 03:45:00+00:00,2809.070320942085,2808.626824732939,2806.86588275075,2807.2516627143973,999.4016105480039
2024-01-15 04:00:00+00:00,2807.0591865794645,2809.3893284946703,2807.7052368954337,2807.770182328653,377.51956356907925
2024-01-15 04:15:00+00:00,2810.5807129242803,2812.329790865853,2809.798796295244,2809.9591065588206,896.0468813144771
2024-01-15 04:30:00+00:00,2811.85002036009,2813.3784457071392,2810.770285197636,2810.857257833437,708.6103615364298
2024-01-15 04:45:00+00:00,2808.1652417532023,2810.588623718357,2807.382508492913,2808.6851111079177,406.8247682728814
2024-01-15 05:00:00+00:00,2813.5835559499433,2813.6074808661865,2812.3428443263483,2812.610381013293,589.1809405367113
2024-01-15 05:15:00+00:00,2813.443531294898,2815.474015965387,2810.621069229712,2812.7270235852943,856.4822919542744
2024-01-15 05:30:00+00:00,2814.8331873853263,2813.9525164398374,2811.2952841108813,2813.2128107192743,895.0314682278207
2024-01-15 05:45:00+00:00,2810.710926804835,2811.40056919542,2810.723958697162,2811.150728025099,244.3544875055307
2024-01-15 06:00:00+00:00,2809.2622820419006,2811.02967797359,2809.7799090018325,2810.466908131541,405.61582708735267
2024-01-15 06:15:00+00:00,2808.069721709095,2808.727002708156,2806.3116480256954,2808.5429516056824,401.7008621922145
2024-01-15 06:30:00+00:00,2808.814464790935,2808.7276893713,2806.8744362183156,2808.618934786215,137.84031646835024
2024-01-15 06:45:00+00:00,2814.047934332482,2815.675105263517,2812.409633607755,2813.993330923885,638.4139838667069
2024-01-15 07:00:00+00:00,2810.3289288282012,2812.7365997163383,2809.156968585203,2810.6975404706636,869.3380476929692
2024-01-15 07:15:00+00:00,2804.9410548625624,2809.2634077457587,2806.632005481122,2806.7272537095037,443.416949042966
2024-01-15 07:30:00+00:00,2811.8626032265524,2813.787026104381,2810.8149452620087,2811.4216945258117,766.0323504857594
2024-01-15 07:45:00+00:00,2813.243828645515,2812.8349565366498,2810.3557217252387,2811.3954818597936,664.930372240666
2024-01-15 08:00:00+00:00,2810.511902709914,2810.470186437536,2806.4632896308276,2810.077042127904,438.08386194370075
2024-01-15 08:15:00+00:00,2814.134711246138,2814.9203249062184,2810.3989703259736,2813.56343077254,226.95381954306737
2024-01-15 08:30:00+00:00,2812.9590898153565,2813.1339315784808,2811.566426326431,2812.422437141001,738.3914674983706
2024-01-15 08:45:00+00:00,2818.499184189556,2819.1523898043106,2817.341176180107,2818.1262083141164,869.1086520471164
2024-01-15 09:00:00+00:00,2821.4773533567845,2823.6547806683725,2819.774378884639,2820.601400579778,717.2690431613427
2024-01-15 09:15:00+00:00,2820.1610576611097,2821.4679823251136,2818.9156207021106,2819.7894341515266,116.09063563133626
2024-01-15 09:30:00+00:00,2826.1497995405293,2826.7448020889087,2825.160094283071,2826.4443877509775,294.60960495189215
2024-01-15 09:45:00+00:00,2824.548254412693,2826.7486607364854,2822.9182474450886,2825.297889675244,162.5319863951787
2024-01-15 10:00:00+00:00,2827.7261480070324,2829.5245654718133,2826.769851993265,2827.9608439231333,613.3474896186041
2024-01-15 10:15:00+00:00,2829.6694395347786,2830.1709852921826,2829.3403613046285,2829.373176344393,780.8299109563711
2024-01-15 10:30:00+00:00,2833.3268013390502,2834.781781842969,2831.711218657787,2833.625354903347,199.5212683617935
2024-01-15 10:45:00+00:00,2838.9186460196634,2838.7321258128604,2836.474468128865,2838.621216534625,854.5040385340467
2024-01-15 11:00:00+00:00,2839.6954882135205,2840.5030778856535,2837.390742693391,2839.279864836102,599.9580805559349
2024-01-15 11:15:00+00:00,2838.497098255985,2837.9062978066136,2834.6187720265716,2837.7089913348145,720.9721109275524
2024-01-15 11:30:00+00:00,2840.796619035643,2841.821424098005,2838.5893957400476,2839.582418355686,974.2616637477815
2024-01-15 11:45:00+00:00,2838.3000310529505,2839.3655288500404,2837.996761652591,2838.226230152526,175.31288942292758
2024-01-15 12:00:00+00:00,2843.275284573222,2844.620489851738,2844.368989982912,2844.515281381287,911.1016206800103
2024-01-15 12:15:00+00:00,2845.1453942726416,2845.5803745771655,2845.2602482034868,2845.4727223706004,213.49242638866838
2024-01-15 12:30:00+00:00,2845.0441293247345,2847.8082868464953,2842.995113293445,2845.0023432888934,453.662925973014
2024-01-15 12:45:00+00:00,2844.355378222729,2848.069298229492,2844.9540420479298,2846.0969701877025,866.2948266980029
2024-01-15 13:00:00+00:00,2844.1499236443087,2843.5526625482485,2842.49339877329,2842.8340094025093,915.6288130640813
2024-01-15 13:15:00+00:00,2840.776099707792,2842.7563029356797,2839.6001127210325,2840.6412848490163,555.7345061906308
2024-01-15 13:30:00+00:00,2844.983746760092,2847.8528533110543,2841.930048584327,2844.6221451873,634.6941744478827
2024-01-15 13:45:00+00:00,2844.616961288029,2843.897666665724,2842.879915946248,2843.3227504689394,737.3326011387014
2024-01-15 14:00:00+00:00,2840.3190010556086,2841.6137834456194,2839.2285581387587,2840.9157286147506,849.4828016074428
2024-01-15 14:15:00+00:00,2843.553270193619,2843.8191850050735,2842.4444711723404,2843.0092680170414,209.36005258389955
2024-01-15 14:30:00+00:00,2846.847309292583,2847.2298320829177,2846.1909130786,2846.951568571781,829.0623774063049
2024-01-15 14:45:00+00:00,2849.394130523612,2849.7098197092714,2849.4391978416766,2849.5689865993086,533.1485354604552
2024-01-15 15:00:00+00:00,2852.244896382392,2853.6011603701736,2851.7645330564424,2852.9792460011677,505.5610825973521
2024-01-15 15:15:00+00:00,2852.974258756921,2855.001375383933,2851.382219717493,2851.3911633285484,481.5097767972984
2024-01-15 15:30:00+00:00,2847.5529672639027,2848.880666698895,2845.7285936985327,2847.9094306323473,558.2904267214383
2024-01-15 15:45:00+00:00,2853.423933072913,2852.9387763737614,2851.1180810940004,2852.758798811318,950.5454980551432
2024-01-15 16:00:00+00:00,2850.626081736535,2852.7261389698465,2852.1160673118443,2852.4088442882453,593.3833955129364
2024-01-15 16:15:00+00:00,2853.3857309705477,2855.182946952623,2850.668651641762,2852.26385142777,957.8597844368253
2024-01-15 16:30:00+00:00,2857.6279211706033,2857.5900136219634,2855.8739445372403,2856.6259965899335,262.2611175540765
2024-01-15 16:45:00+00:00,2858.8799277211224,2859.36323414412,2858.0386837937262,2858.787079929235,751.7223809493698
2024-01-15 17:00:00+00:00,2860.4463365092342,2863.511319623092,2859.5696981285732,2860.662738461453,831.0155847478725
2024-01-15 17:15:00+00:00,2867.818543872039,2868.629160398462,2866.180032604512,2867.4362190374686,711.2159482013757
2024-01-15 17:30:00+00:00,2868.3514244796916,2866.9531012962684,2865.1480674980353,2866.164740782609,646.2300522038863
2024-01-15 17:45:00+00:00,2867.712663368233,2869.610077302486,2868.4743392010037,2869.399139990711,608.331502977564
2024-01-15 18:00:00+00:00,2870.8848831791092,2871.343219457952,2869.5878626757194,2870.1367080085274,874.8374343208263
2024-01-15 18:15:00+00:00,2870.609382860295,2871.780297643096,2868.6449755970307,2871.4819470688853,839.4819374480501
2024-01-15 18:30:00+00:00,2876.4304067609805,2878.3085906179235,2875.6292650390924,2876.4495048480385,210.05984906253957
2024-01-15 18:45:00+00:00,2878.2484395840575,2879.252199378279,2876.789256016127,2878.4862794246274,863.7288913277903
2024-01-15 19:00:00+00:00,2880.2009663170907,2881.487015562599,2880.5634089552686,2880.6122392556604,472.66175749639825
2024-01-15 19:15:00+00:00,2884.270111252479,2884.391536272049,2882.563437992501,2884.280172707223,328.3271469962297
2024-01-15 19:30:00+00:00,2882.71419946198,2884.4184669747715,2882.469276503244,2883.804442057582,882.7917112125333
2024-01-15 19:45:00+00:00,2882.95036159071,2882.56430187983,2881.830436829834,2881.9616753993796,488.82231967036745
2024-01-15 20:00:00+00:00,2877.8059003316985,2882.085033604716,2879.272299501944,2879.527995821371,827.528221159135
2024-01-15 20:15:00+00:00,2874.9633867005127,2875.975332584837,2873.5035486786096,2874.446212014086,337.0632507602601
2024-01-15 20:30:00+00:00,2880.625303088536,2881.302697403713,2879.550401218201,2880.938879699597,103.53638927999602
2024-01-15 20:45:00+00:00,2877.2145271699424,2880.3305419415947,2878.3090408623298,2878.3379663624773,545.91327361265
2024-01-15 21:00:00+00:00,2878.4709636871,2878.9160547691,2877.1669279388293,2878.2767919008793,190.20543097859584
2024-01-15 21:15:00+00:00,2876.562046464942,2879.6405448673886,2875.5029187616947,2878.055710453606,778.9383599724187
2024-01-15 21:30:00+00:00,2879.5545446221063,2880.188138198622,2878.528679982648,2879.516425754782,348.4676224624693
2024-01-15 21:45:00+00:00,2881.075623269926,2884.382953007106,2881.5532041951187,2882.442743675948,499.28108194313086
2024-01-15 22:00:00+00:00,2885.944786202283,2886.254596561127,2885.3466619635583,2885.5011191637705,178.33020858239883
2024-01-15 22:15:00+00:00,2883.507222960526,2884.537173650902,2883.8981903453837,2884.395960480247,357.99332360252737
2024-01-15 22:30:00+00:00,2884.057166671467,2887.768204553056,2883.4986278721103,2884.490796035196,803.3412189327148
2024-01-15 22:45:00+00:00,2886.165897249644,2887.165958006085,2884.9986303492115,2885.8831293897906,236.42912071208752
2024-01-15 23:00:00+00:00,2884.9994966795175,2886.570455274261,2885.660312848069,2885.7426159110937,682.4436050142616
2024-01-15 23:15:00+00:00,2890.907008781616,2892.807740375472,2889.251434172416,2890.962866038485,925.6832675240511
2024-01-15 23:30:00+00:00,2891.501321660057,2894.824651200271,2892.4666957337054,2892.9611392639013,711.8530837819483
2024-01-15 23:45:00+00:00,2896.275904197502,2896.090772258352,2895.580044618695,2895.666968981878,829.9195203630042
2024-01-16 00:00:00+00:00,2899.871668870064,2898.3775364267985,2897.29439642703,2898.166664084654,198.07446637352422
2024-01-16 00:15:00+00:00,2904.851091359443,2903.0410929664768,2901.231088844485,2902.1499550792505,325.658643401849
2024-01-16 00:30:00+00:00,2903.3441756234947,2903.4606018993877,2902.0211734760037,2903.2559474688182,905.0849670165319
2024-01-16 00:45:00+00:00,2900.835259251552,2902.376876597455,2899.288829535403,2900.073309321211,743.5950522562803
2024-01-16 01:00:00+00:00,2900.090622361221,2902.821933878607,2900.716569452729,2901.812969918625,675.59844373958
2024-01-16 01:15:00+00:00,2901.956407565882,2902.1582617637555,2900.1817183136836,2900.5035121687797,697.39006250953
2024-01-16 01:30:00+00:00,2900.30075284337,2899.71217766176,2897.5936473240026,2899.5505149231794,472.7804988741791
2024-01-16 01:45:00+00:00,2901.3634160751562,2902.999452399743,2899.2660491606675,2901.831513848878,140.10096845588788
2024-01-16 02:00:00+00:00,2907.2065910515744,2906.5715014423236,2905.5432611495708,2906.008171879663,805.9973878636562
2024-01-16 02:15:00+00:00,2906.404702299527,2907.25237828364,2904.6065131318537,2906.6512600358037,710.8419125938185
2024-01-16 02:30:00+00:00,2907.6866374765577,2908.8251643749745,2907.488159297888,2908.130636498895,525.5240177014523
2024-01-16 02:45:00+00:00,2914.129446836483,2915.49631456901,2913.50624777475,2913.667790815794,909.7836538314317
2024-01-16 03:00:00+00:00,2913.919073000916,2915.138335862222,2912.4678799033118,2914.9522822096087,402.543698486589
2024-01-16 03:15:00+00:00,2924.125953348096,2923.949870485854,2921.5109271779947,2923.1305058433154,364.8895698081123
2024-01-16 03:30:00+00:00,2924.33932717417,2929.6539064056055,2923.941407489562,2925.3690471441405,885.5166925714985
2024-01-16 03:45:00+00:00,2919.7844655724584,2923.8049686224263,2918.7629865592967,2920.806801296408,817.288889283087
2024-01-16 04:00:00+00:00,2922.7061349169862,2925.1842151941896,2922.673691157126,2923.592655711775,563.4818295835103
2024-01-16 04:15:00+00:00,2926.032806424703,2925.842614699265,2924.8863156926955,2925.2922199077807,217.66126551206497
2024-01-16 04:30:00+00:00,2929.051117120088,2929.680996451329,2928.1354163340666,2929.65342980452,293.5643243185472
2024-01-16 04:45:00+00:00,2930.8951289502875,2933.930435579566,2931.9143700536115,2932.2126657210406,690.605191367926
2024-01-16 05:00:00+00:00,2931.8011007936548,2934.8793944773774,2932.3394833228167,2932.3931314175375,446.5371140563705
2024-01-16 05:15:00+00:00,2929.3597358829984,2932.1699743303107,2928.424837702306,2929.391024094019,852.8258724993741
2024-01-16 05:30:00+00:00,2928.2114252386177,2929.594098093993,2927.7678191352124,2929.3645915643706,954.9595083989838
2024-01-16 05:45:00+00:00,2926.335766358867,2928.9577719699346,2926.3645891620745,2927.4595996649987,825.0732327474265
2024-01-16 06:00:00+00:00,2928.405305642018,2926.6023194259465,2923.467307794081,2926.345844557377,439.79088069600147
2024-01-16 06:15:00+00:00,2927.8143082618294,2930.6118112404956,2928.6232985079587,2928.6544078161937,809.8177863082817
2024-01-16 06:30:00+00:00,2933.8198850972312,2934.7400080130456,2933.705195667906,2934.1358351607287,416.2975061236151
2024-01-16 06:45:00+00:00,2935.521813045818,2936.0748635335917,2935.515070764568,2935.881201114818,250.3900789890705
2024-01-16 07:00:00+00:00,2932.5469214221202,2933.625447029926,2932.4798025517916,2932.958862149946,130.05388437927166
2024-01-16 07:15:00+00:00,2935.457917903236,2935.170922022614,2934.66700037601,2934.850064729897,447.145041484918
2024-01-16 07:30:00+00:00,2939.880681221644,2939.086141849599,2936.724922752883,2938.951832401088,913.2033733275537
2024-01-16 07:45:00+00:00,2937.4481412599303,2937.8665472196653,2937.187027559833,2937.7477469072264,315.0879289801088
2024-01-16 08:00:00+00:00,2936.730693892884,2938.018360418837,2937.393126909502,2937.941594222395,285.8618484368056
2024-01-16 08:15:00+00:00,2939.820748271763,2940.1307357001497,2937.8374695599305,2938.5724033106876,972.8387067169363
2024-01-16 08:30:00+00:00,2936.760805530023,2937.9070257457583,2936.6047240229127,2936.854139822815,122.50370156553291
2024-01-16 08:45:00+00:00,2941.041811116856,2941.2343917909443,2936.940999759077,2939.3464726758243,807.2039353543789
2024-01-16 09:00:00+00:00,2937.3784837096177,2941.016025591821,2939.3094291971074,2939.5788426408894,389.2329601667833
2024-01-16 09:15:00+00:00,2941.592157739324,2944.497346915984,2941.37145980894,2941.4005713570814,133.7391611826934
2024-01-16 09:30:00+00:00,2941.2589135376547,2941.074496092046,2938.670225223741,2939.3790764330856,926.0222861886252
2024-01-16 09:45:00+00:00,2938.3351357822157,2940.7181987784593,2937.066398483138,2938.681179337598,225.67809718862526
2024-01-16 10:00:00+00:00,2941.1719262948027,2941.83743048872,2938.510688749492,2941.3930145548775,596.6013553531259
2024-01-16 10:15:00+00:00,2941.1743768607143,2944.712451259228,2940.2220877490136,2940.8846882577145,346.648786686593
2024-01-16 10:30:00+00:00,2946.0082890145914,2947.089441389066,2946.435182737839,2946.5571302827607,158.67352196622193
2024-01-16 10:45:00+00:00,2945.66249816232,2946.0634918427118,2945.914769027402,2945.968949569606,144.93023709704119
2024-01-16 11:00:00+00:00,2946.8884514488336,2948.709551092097,2943.7067845734427,2947.2203232858715,204.00102895270493
2024-01-16 11:15:00+00:00,2949.943128124052,2951.320300454347,2949.4609027635533,2950.5602090084867,164.23031250044204
2024-01-16 11:30:00+00:00,2948.1746700492963,2949.222254383624,2946.7698445595506,2946.9675365957714,784.5023039679306
2024-01-16 11:45:00+00:00,2942.823692368037,2943.3497027750586,2941.7413007036585,2942.371471418595,537.0095820550862
2024-01-16 12:00:00+00:00,2938.7189705034366,2939.831885931871,2937.428175969937,2938.4734823654476,408.6028822140817
2024-01-16 12:15:00+00:00,2943.5675387739234,2945.125078385038,2942.2087064939856,2942.7743914230155,476.53201911880643
2024-01-16 12:30:00+00:00,2941.479912457705,2942.220134244778,2941.1345703538864,2941.7391344243542,936.052062015361
2024-01-16 12:45:00+00:00,2949.1029719936414,2950.1790716388577,2948.357412826641,2949.8642373790417,919.6766314643324
2024-01-16 13:00:00+00:00,2948.1976145809012,2949.5215456679725,2948.2315104787963,2948.7899520790097,744.1088321103192
2024-01-16 13:15:00+00:00,2949.9258844376413,2950.7137030030885,2946.852286188381,2949.924131158981,896.214139679519
2024-01-16 13:30:00+00:00,2954.024354943163,2955.8234603170945,2954.4310885703276,2955.067702379628,387.6832248288623
2024-01-16 13:45:00+00:00,2961.100195758414,2964.4596227900124,2959.705025352888,2961.5940524422113,442.99839340745456
2024-01-16 14:00:00+00:00,2967.7886241959395,2969.5096126344138,2968.1085051473374,2968.2992870826456,652.3409636688052
2024-01-16 14:15:00+00:00,2974.5877536160333,2972.554155875075,2971.5141382390416,2972.482684747387,661.2633525675377
2024-01-16 14:30:00+00:00,2973.371678665335,2976.395956400791,2972.858040670545,2976.123417197905,533.5298542111068
2024-01-16 14:45:00+00:00,2978.304678677667,2979.014182542321,2976.1010115970184,2978.483010107163,460.59206359415793
2024-01-16 15:00:00+00:00,2983.1134615129235,2983.158448406699,2980.3502938538886,2981.3984679029345,987.5622804478256
2024-01-16 15:15:00+00:00,2980.4726736238176,2981.286434499533,2979.5570545260766,2980.351627174838,839.0112635059519
2024-01-16 15:30:00+00:00,2979.257766938916,2978.5770946494176,2978.263418302502,2978.5097465096574,491.4821780992407
2024-01-16 15:45:00+00:00,2979.194585892634,2979.171716903832,2977.036874056488,2979.0954551854275,754.5632295156116
2024-01-16 16:00:00+00:00,2978.521576325643,2979.931733154544,2978.4638870754175,2979.184279365115,342.60552392721354
2024-01-16 16:15:00+00:00,2976.2041653222395,2980.473858107386,2977.1763693122075,2978.4299618526716,190.1523936135969
2024-01-16 16:30:00+00:00,2981.30514742477,2981.582395846633,2979.5340895073678,2981.100986041033,417.18792299746656
2024-01-16 16:45:00+00:00,2983.7754463165793,2984.638092398858,2980.768965454596,2984.5470577865012,462.67552011105477
2024-01-16 17:00:00+00:00,2984.611503287181,2986.1546567836294,2985.068943807395,2985.4079458474844,114.88341210460372
2024-01-16 17:15:00+00:00,2989.9228665930377,2991.218105043383,2990.2083031288826,2990.4202604597012,833.3128014723064
2024-01-16 17:30:00+00:00,2989.343192292513,2989.429205995361,2987.403034750733,2987.605539757667,423.2740621502634
2024-01-16 17:45:00+00:00,2990.0194000251427,2988.9342182596383,2986.5362127845133,2987.6244828523027,622.3763492021324
2024-01-16 18:00:00+00:00,2986.297010921839,2988.6369560901253,2985.1288395300694,2986.0808107704393,166.56686854386038
2024-01-16 18:15:00+00:00,2980.646701628659,2983.7134892064337,2980.7228317039985,2981.108542142429,257.4971458755256
2024-01-16 18:30:00+00:00,2980.288353775775,2982.1064286782566,2979.676090776034,2981.4583042685463,900.724352794804
2024-01-16 18:45:00+00:00,2982.1573006959165,2982.4004137791303,2979.4270702049594,2981.6916199381544,647.8187750945207
2024-01-16 19:00:00+00:00,2988.580041942868,2987.99306507438,2986.051434431221,2986.8049781689083,955.2556451534371
2024-01-16 19:15:00+00:00,2989.0410245737307,2989.9217994908413,2988.351030104773,2989.2874817479524,998.8750309521853
2024-01-16 19:30:00+00:00,2984.45621730285,2988.735614425269,2984.9735877327935,2986.8247653999533,434.6741037997849
2024-01-16 19:45:00+00:00,2993.634764105832,2996.283717436927,2990.717264881837,2992.9662854133994,368.92275767494715
2024-01-16 20:00:00+00:00,2998.2069020574163,2997.9758336928276,2996.104537459121,2997.2224146898875,872.520449643187
2024-01-16 20:15:00+00:00,2997.9818353728324,3003.306819363249,2998.5752832722774,2999.567452361956,998.7502843337088
2024-01-16 20:30:00+00:00,2999.6644666374264,3000.936262574157,2998.358076248384,2999.488012572991,666.6771108092116
2024-01-16 20:45:00+00:00,2997.6617549601206,2999.652426074382,2996.289997256165,2997.2109484415255,815.6266502603701
2024-01-16 21:00:00+00:00,2996.621826087199,2997.5665644582164,2995.4117452472565,2996.694852845744,803.5712729337471
2024-01-16 21:15:00+00:00,2999.768410482461,3002.320477074276,2999.641707177971,3000.5593288352056,419.8057373975923
2024-01-16 21:30:00+00:00,3007.839024771003,3007.1183593582164,3005.139014247631,3006.8207777201133,616.8433422313785
2024-01-16 21:45:00+00:00,3011.6619676785936,3015.181306137384,3012.047326189751,3012.0669699483196,849.7512471377922
2024-01-16 22:00:00+00:00,3009.7063323848415,3013.9548398884094,3010.927181707513,3011.1970617879515,719.3024886349499
2024-01-16 22:15:00+00:00,3006.373952411185,3010.010581074153,3008.2637134872125,3008.429185363634,119.04743258383444
2024-01-16 22:30:00+00:00,3010.7197155646386,3011.708118864919,3007.5106936653438,3009.454892312495,403.03510200778015
2024-01-16 22:45:00+00:00,3005.356082474407,3007.5293993136174,3003.612911944371,3004.738444488595,230.02812693514483
2024-01-16 23:00:00+00:00,3006.3989965185874,3006.4663111144737,3004.3334244929865,3006.3108379091927,309.6749908702352
2024-01-16 23:15:00+00:00,3006.027141026323,3008.3309513251756,3006.151939717027,3006.46836494885,914.9405297421931
2024-01-16 23:30:00+00:00,3005.138643023088,3008.818346549579,3005.427557251752,3005.6686410046586,133.20396001969135
2024-01-16 23:45:00+00:00,3000.4032804985695,3003.8723907959616,2997.7263468338974,3001.4795476815657,297.82064076573135
2024-01-17 00:00:00+00:00,3003.190191623319,3004.6418183145897,3002.0367971162564,3003.6221682028513,378.6124170144083
2024-01-17 00:15:00+00:00,3000.501085905288,3003.842695802245,3002.092034299307,3002.623026802271,655.1956647697554
2024-01-17 00:30:00+00:00,2998.9761510358667,2999.7856810171343,2997.8636745851495,2999.7121440625706,580.6915210772789
2024-01-17 00:45:00+00:00,2991.3967496019422,2991.946702740145,2990.2820840753557,2991.70682756548,296.44253456804745
2024-01-17 01:00:00+00:00,2992.831195921405,2992.71788733212,2989.695682005311,2992.2228969075486,247.816960500839
2024-01-17 01:15:00+00:00,2998.0902350825672,3000.305282230263,2995.6268137518514,2998.130136660264,313.1182311365069
2024-01-17 01:30:00+00:00,3004.5115380776283,3005.0363897729785,3001.877433416592,3003.715630416919,552.2766640314901
2024-01-17 01:45:00+00:00,3004.2939444595554,3004.5611353704885,3002.6467640863107,3002.9434856345088,344.0600071400831
2024-01-17 02:00:00+00:00,3002.794690804623,3003.8018478262566,3001.187729936664,3001.735908415342,952.84225144695
2024-01-17 02:15:00+00:00,3004.2151605944377,3004.214347944138,3001.234180399155,3003.744063540804,517.4786992859629
2024-01-17 02:30:00+00:00,3001.3587430899684,3002.377936474628,2998.2916937484956,3001.3468750849383,152.91641489017337
2024-01-17 02:45:00+00:00,3001.8715837234704,3005.0552080936286,3002.1491683749823,3002.8533045608497,756.3397652529701
2024-01-17 03:00:00+00:00,3006.497067351075,3007.426273004329,3005.0163525304147,3005.7557036667995,395.96075938809065
2024-01-17 03:15:00+00:00,3011.7331511583516,3010.101696218395,3008.0490205228193,3010.0477778666072,688.1400388524228
2024-01-17 03:30:00+00:00,3010.6916199867132,3011.1482655328305,3008.884153850085,3010.348333871224,351.6349334709088
2024-01-17 03:45:00+00:00,3012.261140183688,3012.6971674585884,3009.725239890662,3010.337274623814,613.6693675599879
2024-01-17 04:00:00+00:00,3006.767219145415,3008.8185133759207,3008.037350227153,3008.297010081423,794.9372543267182
2024-01-17 04:15:00+00:00,3005.255128638088,3010.187145336672,3005.4516955302383,3006.4117587619326,935.2078675970986
2024-01-17 04:30:00+00:00,3007.1891599606797,3009.098095807895,3006.2365917764178,3006.332153363897,335.0144299897694
2024-01-17 04:45:00+00:00,3008.303324856358,3008.086877153491,3005.856103143149,3008.0383264958714,401.37125589908305
2024-01-17 05:00:00+00:00,3012.7086676386957,3012.3543597758126,3011.2761025514337,3011.389897514008,517.8397782573456
2024-01-17 05:15:00+00:00,3009.558517198557,3009.7592446948315,3007.995721069143,3009.574038214644,934.45735396239
2024-01-17 05:30:00+00:00,3013.8004031464507,3014.8431457493534,3014.62858477846,3014.672623727906,911.2481711295914
2024-01-17 05:45:00+00:00,3014.243594345037,3016.4164337009342,3013.2899409060324,3014.4582169797222,180.89045209057423
2024-01-17 06:00:00+00:00,3013.456400176824,3015.34767154133,3013.420611906575,3014.9967459051027,218.73684317842975
2024-01-17 06:15:00+00:00,3012.2137438902223,3014.4875521616254,3013.307789351093,3013.3473557970738,545.9582595975744
2024-01-17 06:30:00+00:00,3007.626996008865,3009.9445623204865,3005.7135527222563,3006.6523956502065,195.95734552488113
2024-01-17 06:45:00+00:00,3010.7891821607122,3011.7113202492437,3008.789336755741,3009.9135106171425,411.0227860138277
2024-01-17 07:00:00+00:00,3013.0991961938425,3014.178332082309,3012.687213137657,3012.7346509980775,233.5468403957299
2024-01-17 07:15:00+00:00,3010.7613998764264,3012.5674566906137,3011.4502227104663,3012.489642611768,672.4363196186972
2024-01-17 07:30:00+00:00,3012.9340649748538,3013.6391914611218,3011.6552610815484,3013.294056762859,954.5458885652456
2024-01-17 07:45:00+00:00,3014.2208550754417,3017.0719418858603,3014.4093932326928,3015.4521645974055,997.0603932649433
2024-01-17 08:00:00+00:00,3012.527253622221,3011.6840528079333,3010.935043524266,3011.3462706135388,437.71701924722333
2024-01-17 08:15:00+00:00,3009.769805017389,3011.716249198708,3008.853055168369,3010.3555420706552,639.1113734031511
2024-01-17 08:30:00+00:00,3012.259541382651,3013.7983297273904,3013.3459229509767,3013.350120714434,870.6408881716732
2024-01-17 08:45:00+00:00,3010.204748896566,3012.149501902088,3009.3725040133495,3010.1748516742578,205.7158655167456
2024-01-17 09:00:00+00:00,3011.0182713294116,3012.143962964567,3011.14281206311,3011.660914048279,720.6079699467684
2024-01-17 09:15:00+00:00,3009.66748481315,3008.4715669368466,3007.6163623647885,3008.1796953785447,467.9592955525614
2024-01-17 09:30:00+00:00,3009.4477990721425,3012.09666416395,3008.710225993862,3010.1851046783136,285.5315442521477
2024-01-17 09:45:00+00:00,3009.2756854377003,3011.111861011143,3007.733434931599,3010.6798949005083,462.4782568726978
2024-01-17 10:00:00+00:00,3004.2648766906573,3007.6730031125935,3005.4180390499,3006.422399163069,168.36425826842517
2024-01-17 10:15:00+00:00,3010.4972886081755,3011.4889672210843,3010.2370960075373,3010.5281831525676,725.8664337303752
2024-01-17 10:30:00+00:00,3008.3556094826704,3010.1459099499466,3006.890932348734,3008.9192102541397,327.4684018736078
2024-01-17 10:45:00+00:00,3005.6512916103557,3008.686698905006,3007.05999123438,3007.0835701321985,380.2650805403902
2024-01-17 11:00:00+00:00,3009.480868506798,3011.484319003857,3005.430078780422,3008.288356467931,208.97316841731646
2024-01-17 11:15:00+00:00,3013.01817507443,3014.353411907665,3010.807282227241,3012.34818350516,878.1932025009025
2024-01-17 11:30:00+00:00,3009.8633353959017,3012.7816953665447,3007.418205385928,3009.891646315265,544.0998513544648
2024-01-17 11:45:00+00:00,3012.048560333953,3012.5202497795417,3010.09059705501,3010.6793773715085,614.9321900077603
2024-01-17 12:00:00+00:00,3013.238450344943,3012.6804661591086,3010.814533227339,3012.573137592641,612.4894147853691
2024-01-17 12:15:00+00:00,3014.437842547525,3017.215019443344,3014.1734126677,3015.2648853827177,469.4438030872076
2024-01-17 12:30:00+00:00,3015.3552687633724,3017.449417129444,3015.428376010992,3016.400170056502,273.2769238943255
2024-01-17 12:45:00+00:00,3016.718705190313,3017.2808772552767,3011.7659077993844,3015.896389328161,770.61947364856
2024-01-17 13:00:00+00:00,3014.4024532868866,3015.8722917814603,3012.2167123166055,3014.004236058278,214.3506388219069
2024-01-17 13:15:00+00:00,3015.037387306392,3015.4640881869886,3012.544862523756,3014.866798336476,193.48641125092945
2024-01-17 13:30:00+00:00,3011.388610538124,3013.8476683598833,3011.405410731244,3012.2385616461743,739.130533836853
2024-01-17 13:45:00+00:00,3004.6611173816905,3004.959753998132,3003.670906499507,3004.0523486095253,287.95331840678546
2024-01-17 14:00:00+00:00,3005.208215225769,3009.4275453269274,3004.832174701161,3005.965216346999,376.0954762175491
2024-01-17 14:15:00+00:00,3009.183136079437,3011.5114733764385,3008.7096815174245,3009.2854383976305,527.7047203015662
2024-01-17 14:30:00+00:00,3004.231878091278,3004.6741938328823,3001.094626883586,3002.7835913778076,504.4161850565916
2024-01-17 14:45:00+00:00,2999.6922174244073,3002.07299317351,2997.7386637740206,3000.3531294468935,737.7212125584992
2024-01-17 15:00:00+00:00,3001.2374247975263,3004.2733251847308,3002.19715496766,3002.8118884113533,661.0886140990249
2024-01-17 15:15:00+00:00,3008.54246522618,3011.113913429636,3009.18204454271,3009.598380000689,679.9565460536792
2024-01-17 15:30:00+00:00,3011.2606540574197,3010.7688961144186,3010.0922802811247,3010.2629537497746,742.6488975899116
2024-01-17 15:45:00+00:00,3008.9294132391174,3009.0161465420097,3007.9834639467176,3008.673945593728,363.3514546811188
2024-01-17 16:00:00+00:00,3008.596152851355,3009.964902881715,3008.442280336406,3008.725405065821,390.09998062042627
2024-01-17 16:15:00+00:00,3012.956129677808,3014.5510153752093,3013.311431083026,3013.4675088915697,494.1979731059987
2024-01-17 16:30:00+00:00,3012.611231342574,3015.2110539607265,3011.801800695449,3012.123909948417,376.71595573017345
2024-01-17 16:45:00+00:00,3009.467584332282,3010.320637745223,3008.8591290485056,3010.3196099935744,986.444082073777
2024-01-17 17:00:00+00:00,3009.7752122496254,3010.645479774456,3008.8384594694653,3009.4685819411548,832.6467337792867
2024-01-17 17:15:00+00:00,3006.4693067465237,3008.3915141175366,3006.8706472281715,3007.2023168910473,248.18921943042662
2024-01-17 17:30:00+00:00,3007.2727035275525,3009.3457745925552,3006.2611871748,3008.172808378876,105.03474029368256
2024-01-17 17:45:00+00:00,3013.026375765992,3015.29713816283,3013.0963107361795,3013.666767331633,138.50494142254107
2024-01-17 18:00:00+00:00,3014.8662513505965,3017.2782168077474,3013.8887131112037,3015.2435663131823,319.65710593863275
2024-01-17 18:15:00+00:00,3015.036636504662,3015.711664434369,3015.028882685368,3015.0857118848744,202.8621572531709
2024-01-17 18:30:00+00:00,3015.0455238229365,3014.860198817903,3013.814725072864,3014.808905746933,580.0043034033149
2024-01-17 18:45:00+00:00,3007.000423024271,3010.869600732147,3008.042725620277,3010.701945877608,872.1957004546227
2024-01-17 19:00:00+00:00,3013.1532231242254,3014.23452361011,3012.3994722163598,3013.964633196569,763.0751988219047
2024-01-17 19:15:00+00:00,3013.9394093063956,3014.9294163394384,3014.1924449362164,3014.3328500550087,294.04815677397136
2024-01-17 19:30:00+00:00,3015.9039728346997,3015.435959983577,3013.621529912664,3014.3916906669933,459.36933042320726
2024-01-17 19:45:00+00:00,3023.5483461552903,3025.748224214576,3020.7754376102857,3024.63721818364,557.1047885781499
2024-01-17 20:00:00+00:00,3026.310356504062,3027.637734247232,3025.891362359839,3026.1461410515153,829.185264553002
2024-01-17 20:15:00+00:00,3025.984029463338,3024.9065115511544,3023.9837926850596,3024.476801300326,855.2094427955483
2024-01-17 20:30:00+00:00,3022.4688841177776,3025.5986228300817,3023.2020723400096,3023.7922654796685,918.7464807169983
2024-01-17 20:45:00+00:00,3028.2700710867493,3029.2268742905744,3027.639432813974,3027.872435511193,558.3207254525876
2024-01-17 21:00:00+00:00,3028.01114764945,3030.900199798325,3028.335932424451,3028.8211269428407,724.8472717922766
2024-01-17 21:15:00+00:00,3024.5640742872483,3025.6045517428456,3022.3815198133857,3025.0729255776255,200.62033411054344
2024-01-17 21:30:00+00:00,3027.6498403150467,3031.4560587297083,3027.037242392515,3028.4605701464084,608.7600639585839
2024-01-17 21:45:00+00:00,3026.3046914976726,3027.1141830342435,3026.3217244143916,3027.0431460474474,323.82262852402164
2024-01-17 22:00:00+00:00,3036.07776695448,3036.2038909928765,3030.7231650500016,3033.32561833811,488.54519652395
2024-01-17 22:15:00+00:00,3038.0658372712687,3038.6503821260158,3037.0628044965874,3037.210907076202,670.6454574760475
2024-01-17 22:30:00+00:00,3037.574958787007,3037.726525406671,3035.9621386211666,3036.4598311997315,331.287344068403
2024-01-17 22:45:00+00:00,3041.4589205082316,3042.1219017183116,3039.511985548021,3040.9602096359413,146.96655201708498
2024-01-17 23:00:00+00:00,3040.14623284692,3044.121284113276,3040.541578291081,3041.7748566843666,109.21047076788176
2024-01-17 23:15:00+00:00,3045.3797229742127,3045.9422062591884,3044.4203729190176,3044.9788434196544,119.94358199006939
2024-01-17 23:30:00+00:00,3048.1543162901444,3047.9732516821255,3045.936393779654,3047.0645543575824,107.51476376239269
2024-01-17 23:45:00+00:00,3044.2294725745364,3046.061430817973,3043.7789636746384,3045.0957002642044,199.31955090208794
2024-01-18 00:00:00+00:00,3044.7247509241915,3044.1044643487735,3043.514931911901,3043.7453480733443,315.5398431131169
2024-01-18 00:15:00+00:00,3048.2068249952345,3048.6252885821827,3047.036574169767,3047.49133882885,299.09936276406927
2024-01-18 00:30:00+00:00,3048.9617449698267,3047.7228823032083,3045.888319330751,3047.0806398482346,988.116934761907
2024-01-18 00:45:00+00:00,3046.0359166371863,3046.866595548026,3045.3831967784563,3046.460169739592,375.4054946880489
2024-01-18 01:00:00+00:00,3043.0468191901637,3044.6767585593466,3040.9874867657045,3044.160587220945,214.6787050234592
2024-01-18 01:15:00+00:00,3045.6923346940825,3046.6231290325286,3044.5244354368506,3046.059514941891,591.0062897509822
2024-01-18 01:30:00+00:00,3054.420015978516,3053.1479782074293,3052.440467623839,3052.9591028014174,872.1617098577575
2024-01-18 01:45:00+00:00,3048.452639521686,3051.009933716774,3049.9584713154645,3050.311708810616,710.2543391089076
2024-01-18 02:00:00+00:00,3048.892189571651,3051.753793468678,3049.7960637312717,3050.9957247266207,366.4738802219053
2024-01-18 02:15:00+00:00,3056.00963160272,3056.19752799796,3055.063606096394,3055.9185700384,605.4545438123095
2024-01-18 02:30:00+00:00,3055.8355050693167,3057.799195549285,3051.9571223103194,3056.28639828116,743.3703767803682
2024-01-18 02:45:00+00:00,3058.288761853642,3058.334415383221,3056.2024922072324,3058.280883830985,755.2940431309681
2024-01-18 03:00:00+00:00,3056.6074247154156,3056.8836443152686,3054.4826609181173,3055.6445791189644,699.88460976792
2024-01-18 03:15:00+00:00,3057.001893316023,3059.2682003127325,3054.900477818861,3057.5650655590202,883.7293822980562
2024-01-18 03:30:00+00:00,3055.695402784758,3057.999814786308,3056.6755205605577,3057.6043730578967,883.0949125096939
2024-01-18 03:45:00+00:00,3063.3182273558355,3061.557639462308,3058.831731425248,3061.2320165557826,621.042903466303
2024-01-18 04:00:00+00:00,3064.46307956362,3066.6820174107556,3063.2629777258267,3065.4820747101326,486.870732200091
2024-01-18 04:15:00+00:00,3072.96019437313,3074.7080202077527,3072.6026594190334,3074.0453704271404,677.4132660085899
2024-01-18 04:30:00+00:00,3077.5747765405913,3077.0706083103755,3076.1720327355683,3076.4429326619734,836.3908012334168
2024-01-18 04:45:00+00:00,3077.6664467096193,3078.908634604739,3077.9332201919156,3078.0609403581093,105.08689435706626
2024-01-18 05:00:00+00:00,3079.2100537516,3079.959909142931,3079.0735403959234,3079.2751186829823,992.797308113366
2024-01-18 05:15:00+00:00,3079.2989856231993,3080.074526376262,3077.0666993419472,3078.803513646429,264.6043950962793
2024-01-18 05:30:00+00:00,3081.57449151697,3080.691900302417,3079.112846490072,3080.461846048252,523.2240870939786
2024-01-18 05:45:00+00:00,3079.8256080122446,3080.728786302122,3078.9269805146173,3080.167979662116,884.82676135858
2024-01-18 06:00:00+00:00,3082.864254757038,3081.3141699920443,3079.746629362412,3081.3031104758384,302.5363591397794
2024-01-18 06:15:00+00:00,3083.785824663239,3089.2022556798834,3085.9143892113007,3085.9828385565015,529.1157015103449
2024-01-18 06:30:00+00:00,3084.275798852445,3083.7422999701826,3081.3696169980344,3083.494865504438,219.32396216306125
2024-01-18 06:45:00+00:00,3086.765093346397,3091.044880923444,3086.592452934468,3087.6291432646335,455.56869284937335
2024-01-18 07:00:00+00:00,3093.73148636139,3092.873664833716,3092.232291033223,3092.316987060323,259.42190931370226
2024-01-18 07:15:00+00:00,3092.7167830401663,3093.696170350049,3091.1440419991272,3092.570355525367,427.2649738940413
2024-01-18 07:30:00+00:00,3085.940254448714,3087.208786541221,3086.6212286787777,3086.632591625,436.1177951134498
2024-01-18 07:45:00+00:00,3086.0557558718915,3085.8559534480705,3083.0931164588646,3085.3740516356356,993.8537106384995
2024-01-18 08:00:00+00:00,3090.916281536734,3091.839072264312,3089.2429059081915,3089.9962986411138,995.331726373395
2024-01-18 08:15:00+00:00,3091.2049514270434,3092.487432393648,3088.3242814957325,3090.5436841512783,203.3076507945512
2024-01-18 08:30:00+00:00,3087.0144664754785,3089.2036709867334,3087.002949388643,3088.0743926720925,753.3719013955125
2024-01-18 08:45:00+00:00,3086.6352933121498,3088.0447242732744,3086.0272650187712,3087.133368449895,146.57093170219105
2024-01-18 09:00:00+00:00,3090.3433778564313,3090.567214453284,3087.674016735331,3090.3475733505365,127.17281380346977
2024-01-18 09:15:00+00:00,3092.613567469234,3093.1798231415305,3090.5934764966805,3092.6561014414046,194.8005048204679
2024-01-18 09:30:00+00:00,3093.3085717407334,3094.127517197953,3088.6740274727917,3092.535700191117,968.9370913071406
2024-01-18 09:45:00+00:00,3089.9431279154223,3093.3684410004926,3091.9487064426407,3092.019832772752,946.7771931052276
2024-01-18 10:00:00+00:00,3091.7714855088407,3093.19374998187,3090.435990660468,3091.4269696178008,274.53503825261237
2024-01-18 10:15:00+00:00,3088.8958948327454,3090.461311846517,3084.832044506804,3089.1944977676053,245.50510199834036
2024-01-18 10:30:00+00:00,3093.9426404269498,3094.907739192668,3092.7666629055366,3094.8076397981367,316.4815778643523
2024-01-18 10:45:00+00:00,3093.6632470623126,3094.541856492226,3094.3979956091543,3094.4291046272897,563.9922946676279
2024-01-18 11:00:00+00:00,3098.5959056414645,3098.9309220572827,3098.5392016767764,3098.817509998585,612.7341688318689
2024-01-18 11:15:00+00:00,3100.430037588594,3104.3893365924464,3102.068373615955,3104.15614774378,299.4340873955026
2024-01-18 11:30:00+00:00,3107.1516139760115,3109.729962309372,3107.3191090355194,3107.87812148064,780.9605092809506
2024-01-18 11:45:00+00:00,3106.251258686924,3107.288419616786,3106.3836898992663,3107.1583571374917,378.5978524623857
2024-01-18 12:00:00+00:00,3109.5869556922776,3110.775162452658,3107.5561758527956,3109.0348085112196,929.9181929764693
2024-01-18 12:15:00+00:00,3108.746488265618,3110.1932951068293,3109.0499771452496,3109.581438539012,691.0504358110576
2024-01-18 12:30:00+00:00,3107.1711755974025,3107.6716274852115,3105.829530025773,3107.393990040677,492.71607487325053
2024-01-18 12:45:00+00:00,3110.622133107185,3110.934637203993,3108.949463160192,3109.0238081891143,810.9208015325609
2024-01-18 13:00:00+00:00,3107.010918833846,3106.918040161067,3105.1052482806454,3105.981439712147,836.1231634419983
2024-01-18 13:15:00+00:00,3111.229981312705,3111.6172456596296,3107.9710892496296,3110.2945380436795,361.4334450480493
2024-01-18 13:30:00+00:00,3108.9534961510994,3113.3354229393117,3107.5201890974504,3109.4716091946266,405.7430894524759
2024-01-18 13:45:00+00:00,3111.282327646539,3111.1310748198844,3109.945194240557,3110.719253990964,942.3596383557431
2024-01-18 14:00:00+00:00,3111.9803428470304,3114.2076404058303,3110.249627958082,3112.2229902176746,248.26693452694474
2024-01-18 14:15:00+00:00,3111.836253586663,3112.2757408714756,3111.777855652858,3112.0396702035578,137.9353752666408
2024-01-18 14:30:00+00:00,3114.914175921116,3115.3194264871718,3114.3823845351626,3114.488855775292,508.64979034859425
2024-01-18 14:45:00+00:00,3113.013182803062,3114.939687404185,3110.913861042759,3113.6327890736534,821.088910219266
2024-01-18 15:00:00+00:00,3118.521418224266,3118.868741136731,3116.453334879706,3116.9702028278402,794.5012956796712
2024-01-18 15:15:00+00:00,3113.2340811677177,3115.0462696213785,3111.770153915166,3113.4002642406967,927.5775660215493
2024-01-18 15:30:00+00:00,3115.058524486689,3115.7747727524707,3111.752152106887,3114.41658035329,579.8805979321362
2024-01-18 15:45:00+00:00,3122.5995766791834,3121.576931899868,3120.267562922579,3121.0852256291073,190.05820440987998
2024-01-18 16:00:00+00:00,3119.6607571358545,3119.479842929367,3117.9647609446856,3118.58832266438,629.8200769024145
2024-01-18 16:15:00+00:00,3115.6348752723693,3117.6171738488783,3115.9374078380347,3117.0987886151206,800.5560529178904
2024-01-18 16:30:00+00:00,3119.787496049768,3120.780269252247,3119.1611902425248,3119.3249044347067,183.99530824284375
2024-01-18 16:45:00+00:00,3121.394060645244,3120.856669082964,3119.553058525,3120.5091680886153,255.3916609878308
2024-01-18 17:00:00+00:00,3123.1560873740636,3123.890742315693,3122.188088267903,3122.227887507521,111.06159504010381
2024-01-18 17:15:00+00:00,3123.2209762546013,3126.649692116355,3124.0411850880937,3124.380428451536,634.2873215021293
2024-01-18 17:30:00+00:00,3126.3046572154713,3128.4221675939975,3126.898243002198,3126.989504645583,898.060952751314
2024-01-18 17:45:00+00:00,3132.1256216823313,3132.397841381915,3130.1422377532604,3131.0876053607517,703.5969844018896
2024-01-18 18:00:00+00:00,3132.2020521764125,3133.217480670036,3132.459951640194,3132.9975833098824,983.8360788318838
2024-01-18 18:15:00+00:00,3132.5553564163497,3133.350180836517,3129.6010693110525,3132.868325844118,156.73028724978542
2024-01-18 18:30:00+00:00,3137.2502844259457,3136.4255943583657,3134.0765678291423,3135.6031773608124,912.7009766363466
2024-01-18 18:45:00+00:00,3142.144427049986,3144.3189338018105,3141.725051527319,3142.194491897078,832.6614586480126
2024-01-18 19:00:00+00:00,3141.6449037182874,3143.0724720607936,3141.190920687343,3142.406176898267,382.81736844955446
2024-01-18 19:15:00+00:00,3139.0546685383897,3140.0351648794795,3136.992245032148,3139.97323354167,976.1738966535266
2024-01-18 19:30:00+00:00,3144.4288140281833,3146.337422576149,3143.943321892625,3144.080115285477,359.14397335427356
2024-01-18 19:45:00+00:00,3142.933167289787,3146.3991331216,3142.701464356718,3144.330453250369,900.3742514453966
2024-01-18 20:00:00+00:00,3137.875117812094,3138.574764584147,3136.789563916872,3138.133842264998,892.6737193667705
2024-01-18 20:15:00+00:00,3141.7714529910127,3144.772205645689,3140.797294874952,3141.42251368939,781.8918549426752
2024-01-18 20:30:00+00:00,3141.729219505492,3141.9593104833525,3139.7497193424283,3140.369282775435,607.1234264315667
2024-01-18 20:45:00+00:00,3141.4119265023924,3140.9614254321714,3140.0444794137757,3140.713067509323,208.00247465519925
2024-01-18 21:00:00+00:00,3141.6363539054846,3147.479831810821,3141.676494232773,3142.3843095797397,578.7745610468485
2024-01-18 21:15:00+00:00,3144.8464801667933,3147.2392454741416,3143.200216063439,3143.6116492686547,421.1166300894411
2024-01-18 21:30:00+00:00,3146.157774483299,3146.7573752343737,3145.5972859529093,3146.471913034357,812.9953298398166
2024-01-18 21:45:00+00:00,3144.435319230627,3145.8983028238304,3142.7348275607505,3145.731049018569,782.3162858471604
2024-01-18 22:00:00+00:00,3147.7945607883066,3149.5421209947913,3147.292176666248,3147.9750880926695,919.5512566353448
2024-01-18 22:15:00+00:00,3149.296659295596,3150.4682550630323,3145.0771529485723,3147.787642216002,113.34714618853708
2024-01-18 22:30:00+00:00,3150.917748898876,3153.3247111363066,3149.5357891851354,3150.744205855437,828.1928951407415
2024-01-18 22:45:00+00:00,3153.327429652594,3156.130769482774,3152.3622219019603,3153.3142678614436,944.6158478122019
2024-01-18 23:00:00+00:00,3152.7156668758844,3151.9760656747753,3150.290288862568,3150.9960510668116,810.3704041973351
2024-01-18 23:15:00+00:00,3153.545449823761,3155.970065567527,3153.1343947090636,3155.050782233712,217.17501388333005
2024-01-18 23:30:00+00:00,3152.6393892051074,3154.7745459519897,3150.508529717867,3153.990978541022,173.15119435679895
2024-01-18 23:45:00+00:00,3155.4714850556643,3158.860713028336,3156.8079863343855,3157.171986793363,118.76071582693072
2024-01-19 00:00:00+00:00,3159.3559125250376,3160.858418878941,3158.7489310341,3158.9635185162606,665.8707032452639
2024-01-19 00:15:00+00:00,3165.5843052542514,3169.074403215764,3165.3255323283906,3165.408632326987,666.7053866738986
2024-01-19 00:30:00+00:00,3166.962112582724,3166.692304679543,3165.105059230705,3165.3343537753344,988.2223427963911
2024-01-19 00:45:00+00:00,3165.1186064619505,3166.1723148291053,3164.7936422726416,3164.8617514755942,458.23885669368616
2024-01-19 01:00:00+00:00,3165.0068708839767,3168.628009429015,3163.8144468279847,3165.4333150630223,398.7156564077471
2024-01-19 01:15:00+00:00,3165.1086168448646,3165.33629430894,3164.805331938381,3165.1067231901266,661.9824344659532
2024-01-19 01:30:00+00:00,3168.3975386780535,3169.5297275732096,3167.363803693713,3168.2732289238015,843.0478052568345
2024-01-19 01:45:00+00:00,3162.026112725357,3163.982227630747,3163.3444352369484,3163.789146115841,943.0965545707016
2024-01-19 02:00:00+00:00,3163.945294360988,3161.81307730552,3160.1737440004995,3161.0894274590496,822.8117495611348
2024-01-19 02:15:00+00:00,3158.8947258492685,3158.5990754008803,3156.1175790332213,3158.3474147539264,484.0065825542243
2024-01-19 02:30:00+00:00,3162.2039236761752,3162.5684642581023,3160.989486359956,3161.982576139238,671.4228117808577
2024-01-19 02:45:00+00:00,3168.679296582604,3170.1650039582632,3167.8729647430314,3168.0296773297305,870.6693940445052
2024-01-19 03:00:00+00:00,3169.0816161016546,3169.46457247564,3167.7963850805863,3168.3323995035357,541.5487194805655
2024-01-19 03:15:00+00:00,3168.282739505903,3169.257003941442,3166.8587266334443,3168.4311841880735,295.0179793348534
2024-01-19 03:30:00+00:00,3168.620079997392,3169.796687227646,3169.254587496671,3169.286941427385,252.75109577308567
2024-01-19 03:45:00+00:00,3174.24020505164,3173.872742750137,3171.2803292189496,3173.6060649403926,100.14197012025106
2024-01-19 04:00:00+00:00,3171.7063066511637,3172.876528384916,3168.4934785543096,3171.298571905248,746.4141954831558
2024-01-19 04:15:00+00:00,3171.832565765468,3172.9770021385834,3172.107289427822,3172.6890755887375,199.98748796139145
2024-01-19 04:30:00+00:00,3177.9222882854824,3179.8774402767067,3175.8101303473222,3176.419804012634,319.45518972634636
2024-01-19 04:45:00+00:00,3178.958375169544,3178.931211464188,3178.3260651971327,3178.647554258612,368.088698370514
2024-01-19 05:00:00+00:00,3180.6597189849704,3182.1579405697316,3179.857686165826,3179.886138160492,604.3418741230914
2024-01-19 05:15:00+00:00,3185.1847787914908,3186.054225264136,3182.153336272797,3183.707622411524,458.1615495661923
2024-01-19 05:30:00+00:00,3175.771200318269,3176.6784085182708,3175.6761710612395,3175.748029191377,707.2065928208456
2024-01-19 05:45:00+00:00,3178.872978662282,3179.060203148013,3176.5774349219364,3178.537164084472,150.07479339583244
2024-01-19 06:00:00+00:00,3177.952039562819,3179.084394814381,3174.884570181456,3177.0941952836592,211.54527483799552
2024-01-19 06:15:00+00:00,3171.151342655596,3172.6286083730124,3169.7672293688356,3171.9177425664634,549.29035317994
2024-01-19 06:30:00+00:00,3174.231610895027,3175.2730827372266,3173.8636927935845,3174.1744210931524,403.26830906214684
2024-01-19 06:45:00+00:00,3179.306467031757,3182.3031941822014,3177.5166390572517,3179.1734201218856,366.2320264762237
2024-01-19 07:00:00+00:00,3178.3590663395003,3179.536722522199,3178.4654977256187,3179.3722883612577,160.32527113377046
2024-01-19 07:15:00+00:00,3185.4988628391134,3186.289824119049,3182.512339817893,3183.039819443994,906.1472572732013
2024-01-19 07:30:00+00:00,3187.317738082269,3189.2558257928354,3187.9866378289207,3188.8136035745456,722.6367275125457
2024-01-19 07:45:00+00:00,3192.266148685458,3193.683619959066,3192.285631627021,3193.648044349916,209.45634113768443
2024-01-19 08:00:00+00:00,3200.93128842008,3200.0449087389006,3199.482570761547,3199.5296527869323,158.54136196342654
2024-01-19 08:15:00+00:00,3203.3068605612134,3202.563199358671,3201.7181493786397,3202.545438035349,977.3852800881187
2024-01-19 08:30:00+00:00,3202.3321135812153,3204.7298646279737,3201.855844950203,3203.4276482687046,713.0552953955544
2024-01-19 08:45:00+00:00,3199.5872592488477,3200.2565103386014,3196.6927365899687,3198.9396989358024,475.7104639843673
2024-01-19 09:00:00+00:00,3200.3574674662445,3199.1534333241825,3198.6208832030384,3198.7923512075195,731.5579366802064
2024-01-19 09:15:00+00:00,3196.703152890143,3196.7635530056473,3196.2257668366856,3196.7354005526595,780.6986078321431
2024-01-19 09:30:00+00:00,3207.099492434377,3205.886363414462,3203.3200194667224,3204.3236691907955,801.9659821499014
2024-01-19 09:45:00+00:00,3202.55941135544,3206.489420805491,3204.2729104240325,3204.400939784437,530.0895750877519
2024-01-19 10:00:00+00:00,3206.1781206975143,3206.5021162725684,3205.108106939057,3205.436784957092,486.8944823123632
2024-01-19 10:15:00+00:00,3209.093877113337,3208.7333717496904,3205.242748148086,3207.8465291551674,109.92527584201031
2024-01-19 10:30:00+00:00,3209.5813939575823,3210.2353052754147,3205.598417724847,3208.6280636052443,933.9014036276542
2024-01-19 10:45:00+00:00,3214.4953608769965,3215.5141166941303,3214.4503471063394,3214.7143426388125,642.9770905500487
2024-01-19 11:00:00+00:00,3213.0448354730465,3214.612360540543,3212.2351351446155,3213.355932759493,282.83854347097133
2024-01-19 11:15:00+00:00,3215.100117121745,3215.8452771957955,3213.2803369266558,3214.6241971837317,927.643077479293
2024-01-19 11:30:00+00:00,3213.7544716688644,3215.725947120189,3212.386031462572,3212.880831017871,923.4387115932667
2024-01-19 11:45:00+00:00,3209.928849465082,3210.041003399098,3207.193746956158,3209.284346608979,990.2657479294863
2024-01-19 12:00:00+00:00,3209.0752903374187,3210.9002571787937,3207.2380260672066,3207.963134546932,886.6509068250809
2024-01-19 12:15:00+00:00,3207.396280443765,3210.456679484397,3207.914888168129,3208.4859570935496,998.0059490380582
2024-01-19 12:30:00+00:00,3207.506784325752,3211.079312529064,3207.703510545825,3207.750328470119,320.21756931094535
2024-01-19 12:45:00+00:00,3205.166536429593,3206.309130834593,3205.0522416507383,3206.171153751474,858.0246266793107
2024-01-19 13:00:00+00:00,3201.893674975111,3202.546511415282,3200.332339863168,3202.3058253724816,840.7254779161881
2024-01-19 13:15:00+00:00,3203.76398823353,3203.2033307009606,3201.5840749085573,3202.6801789577044,307.84632329866037
2024-01-19 13:30:00+00:00,3198.619430656848,3200.1716462658005,3197.7729248050473,3198.5043016451987,188.5937941008917
2024-01-19 13:45:00+00:00,3204.35853898462,3203.4530173194016,3198.2177109867525,3201.5765192893414,981.4784623098396
2024-01-19 14:00:00+00:00,3202.687359546485,3203.2244672900483,3202.259796461243,3202.4808994808973,366.4220963685493
2024-01-19 14:15:00+00:00,3198.5197866422977,3199.336604126367,3197.510784546774,3198.4561460215286,883.8026114210255
2024-01-19 14:30:00+00:00,3198.220059425056,3198.6127385104296,3197.935811554494,3198.1068646505323,103.7144392071435
2024-01-19 14:45:00+00:00,3195.661945419844,3197.7562754391247,3193.2374567880347,3196.3414968838642,118.92232649764199
2024-01-19 15:00:00+00:00,3197.9397329090853,3198.290906215852,3195.2075781076455,3198.0013867646153,519.2841778267316
2024-01-19 15:15:00+00:00,3204.135621734802,3205.0187009544607,3202.7800134207037,3202.9315457851367,314.84321554155724
2024-01-19 15:30:00+00:00,3197.6920509850956,3198.5077278244157,3194.971678682149,3197.5705745668392,720.8571550923679
2024-01-19 15:45:00+00:00,3197.73207041126,3199.2376202636583,3194.56931896529,3198.578051370144,609.0078930111589
2024-01-19 16:00:00+00:00,3197.719214500364,3199.1169241669795,3198.229825513724,3198.7055722771483,169.7372177054423
2024-01-19 16:15:00+00:00,3201.0135077263203,3201.879191319849,3201.2706465950478,3201.49394727006,246.36546668414536
2024-01-19 16:30:00+00:00,3202.895924132687,3202.829686504914,3202.3609268071264,3202.8170671098983,449.24434305257284
2024-01-19 16:45:00+00:00,3202.323274731653,3201.5708467053882,3200.8797318453626,3201.049698125295,267.0436575598899
2024-01-19 17:00:00+00:00,3199.238469933738,3200.931614513737,3195.7103083531256,3200.6686232451507,813.0001125195357
2024-01-19 17:15:00+00:00,3198.4204943914756,3199.100728414594,3198.3485900401456,3198.7615103873827,474.46321199795204
2024-01-19 17:30:00+00:00,3202.9998256976473,3204.436545468404,3202.0288332965088,3202.8457581197804,184.08868015824936
2024-01-19 17:45:00+00:00,3201.5965380820403,3205.1818753135294,3202.5145257884446,3203.5546636365825,535.9086120449124
2024-01-19 18:00:00+00:00,3209.4009880804188,3212.521833897457,3209.819128126007,3210.293019663422,181.75436295527277
2024-01-19 18:15:00+00:00,3210.01272191891,3213.3093979656655,3210.357917207171,3210.7403704462213,216.04357487783545
2024-01-19 18:30:00+00:00,3208.2569714529786,3211.0616192672665,3208.4497240363557,3209.1084231967584,315.6488488253848
2024-01-19 18:45:00+00:00,3205.1003345770023,3205.150869596593,3201.98064955994,3204.8953392741705,873.5749347227407
2024-01-19 19:00:00+00:00,3199.5903097569767,3201.1899141661165,3197.878204981754,3199.7615605791984,932.1512790996748
2024-01-19 19:15:00+00:00,3194.7442774444044,3196.156304605508,3195.117243560295,3195.3357192837584,843.6319563988621
2024-01-19 19:30:00+00:00,3197.284735502494,3196.884181388309,3193.145609016816,3196.8286944342576,400.6694956760625
2024-01-19 19:45:00+00:00,3200.932596652997,3202.243886144733,3198.5177185528682,3199.095169984082,345.20179699794846
2024-01-19 20:00:00+00:00,3196.425292663592,3195.7258781015344,3190.362005923784,3194.6796595133387,594.2401217112152
2024-01-19 20:15:00+00:00,3196.1300822320263,3199.476412179837,3197.811023475687,3198.1798722254575,749.6678444798011
2024-01-19 20:30:00+00:00,3197.889739615073,3198.863546182831,3195.5110753530485,3197.274720180041,994.0355093441574
2024-01-19 20:45:00+00:00,3198.193909396692,3199.0556718852613,3196.0777624524035,3198.3837049933754,218.4136406910336
2024-01-19 21:00:00+00:00,3204.3508525515363,3205.5573265314706,3203.8343366079835,3204.185137070354,144.362799121424
2024-01-19 21:15:00+00:00,3207.2756837165316,3207.8581901257594,3206.351385143666,3207.7015414167367,724.9203000957439
2024-01-19 21:30:00+00:00,3207.607444211116,3209.509650848636,3203.5761131869504,3207.4817230840476,849.003205153515
2024-01-19 21:45:00+00:00,3205.4272696271123,3208.139193786739,3204.169040293915,3205.2655026592865,861.7139018797809
2024-01-19 22:00:00+00:00,3198.3981589267896,3199.627836543631,3197.7123089306706,3199.0155174786664,710.6171941694446
2024-01-19 22:15:00+00:00,3196.39983384202,3197.55297167243,3197.0735612005374,3197.355168979468,958.6142237072684
2024-01-19 22:30:00+00:00,3196.8413740200904,3197.9553363867167,3195.321544328085,3197.3195818508675,559.9042871901282
2024-01-19 22:45:00+00:00,3195.053178475388,3196.695080295218,3194.38001674765,3194.803707686506,922.4333185025912
2024-01-19 23:00:00+00:00,3195.6612714950134,3195.6621791495036,3194.9694691481463,3195.02333573178,971.0309232923707
2024-01-19 23:15:00+00:00,3196.8170813570787,3196.3383270420254,3195.478806226031,3195.9080064140962,862.441711302797
2024-01-19 23:30:00+00:00,3195.3021211051637,3195.900305184197,3194.047179671679,3195.8285699700677,378.7827069327586
2024-01-19 23:45:00+00:00,3194.6929992197843,3194.6822522016714,3192.479061759466,3194.390762398534,276.59408605326576
2024-01-20 00:00:00+00:00,3196.5938542615827,3196.639306121398,3194.614897454961,3195.568606572719,593.3080584836366
2024-01-20 00:15:00+00:00,3198.863007289277,3199.4939852167217,3194.943471482126,3197.6206305280934,507.7132753421696
2024-01-20 00:30:00+00:00,3194.712086674094,3196.6535436784666,3194.600586612123,3194.774739246166,889.9825079734596
2024-01-20 00:45:00+00:00,3199.68979791479,3200.7055312336975,3199.8704537183016,3199.9254529314544,190.02850396043834
2024-01-20 01:00:00+00:00,3200.4538615785054,3202.1411532765337,3199.9930166382146,3200.249979803347,331.96605518036677
2024-01-20 01:15:00+00:00,3199.723711072024,3201.720111431711,3198.7703707969745,3200.9504299485857,776.6190500668376
2024-01-20 01:30:00+00:00,3203.6521340027552,3204.18332937809,3203.480125499463,3203.8588998544315,185.48798047958093
2024-01-20 01:45:00+00:00,3206.0426917136124,3206.093825204874,3205.0554586687404,3205.2471638996176,388.68797261953017
2024-01-20 02:00:00+00:00,3209.632041450818,3210.60775803408,3207.175354477858,3208.9453836916173,448.4398546485848
2024-01-20 02:15:00+00:00,3210.219687135098,3212.793156164663,3209.191722150002,3210.5089193199024,660.334416906421
2024-01-20 02:30:00+00:00,3209.4179578061994,3210.741712614207,3208.8893175262806,3209.1850584735707,242.31938114742812
2024-01-20 02:45:00+00:00,3210.1048858769004,3211.6258097119,3210.313181299571,3210.9875331975404,874.5440413147386
2024-01-20 03:00:00+00:00,3208.7109274568343,3209.9438405955348,3204.9036106971,3207.9586695448825,502.7880119196468
2024-01-20 03:15:00+00:00,3208.865427392587,3209.557996482338,3206.6311467617793,3208.9486690572253,925.3195406925008
2024-01-20 03:30:00+00:00,3209.18864950557,3211.0373337070055,3207.513760561512,3209.483870083285,521.0829222705385
2024-01-20 03:45:00+00:00,3209.0708401351303,3209.9557790122317,3208.5089783512526,3209.4578192665185,347.53623304666
2024-01-20 04:00:00+00:00,3209.6198934250806,3210.6730758655867,3209.1120964123756,3209.68718330458,227.6459458189074
2024-01-20 04:15:00+00:00,3203.8151337779727,3205.430697052722,3202.3764495186992,3204.2935109217533,103.37058524015633
2024-01-20 04:30:00+00:00,3203.8790048315477,3204.744066687349,3200.7843012213216,3203.176288775699,578.941736486352
2024-01-20 04:45:00+00:00,3203.692282071281,3206.3120709798727,3200.711774400958,3204.1144599819454,196.4410272342311
2024-01-20 05:00:00+00:00,3206.969647318948,3207.8459751843607,3204.112194418609,3205.2676885369497,452.5549872680604
2024-01-20 05:15:00+00:00,3204.1800345281217,3203.942116499554,3201.7428546678607,3202.6158657264286,630.344585113378
2024-01-20 05:30:00+00:00,3206.360253553214,3209.0627743129126,3202.619070376146,3207.313406682431,348.11730721243026
2024-01-20 05:45:00+00:00,3205.251958206005,3205.9193883384587,3203.5839444525714,3205.177486687638,257.70186312950375
2024-01-20 06:00:00+00:00,3208.232027098801,3209.1685716674056,3207.449562188164,3208.9279971817205,797.2494603484075
2024-01-20 06:15:00+00:00,3210.5916346353347,3213.2421331530154,3210.0335282082424,3210.941250013621,952.1120550534586
2024-01-20 06:30:00+00:00,3211.651029468956,3210.350714265174,3209.11858856666,3209.5087599694198,190.3963760757694
2024-01-20 06:45:00+00:00,3215.5251015506296,3216.648564380116,3215.0987503908896,3215.8548032236517,240.03129194650708
2024-01-20 07:00:00+00:00,3213.046759829372,3214.742904074449,3211.6773905383807,3212.6609984493907,964.0113915274468
2024-01-20 07:15:00+00:00,3216.8388171700135,3218.0389253507587,3214.684777502677,3216.2584741036576,134.00579963102166
2024-01-20 07:30:00+00:00,3219.0481264291643,3220.7106629265213,3217.897728974512,3220.122176039941,979.869102895425
2024-01-20 07:45:00+00:00,3217.6896725652696,3218.8505643846092,3215.713204670015,3218.6070780140403,104.18003477648989
2024-01-20 08:00:00+00:00,3222.4407151882074,3225.9865097992497,3220.152572569495,3223.7366813739627,886.3017900861983
2024-01-20 08:15:00+00:00,3222.6233508203813,3224.5284780452603,3222.7403313661466,3223.57534862618,376.5926628889746
2024-01-20 08:30:00+00:00,3222.0871484650906,3226.318563452881,3224.6657208658225,3225.1510743547597,944.7299723595669
2024-01-20 08:45:00+00:00,3227.2217466427483,3226.951250351562,3225.6173148489297,3226.6360235786788,385.2507597720269
2024-01-20 09:00:00+00:00,3229.0575160795547,3227.5771782837473,3224.8418515719077,3226.8479923220552,688.8756893806504
2024-01-20 09:15:00+00:00,3230.270525163393,3231.3861916531064,3228.1280288446965,3230.111366013628,172.02931278934298
2024-01-20 09:30:00+00:00,3231.7956220695078,3233.333429195336,3232.7807769027686,3233.3220398419235,318.0968303083651
2024-01-20 09:45:00+00:00,3227.627316218407,3228.6670402083505,3225.4233371396904,3228.319011957525,796.3114118313257
2024-01-20 10:00:00+00:00,3232.684613219677,3233.7802984804734,3232.26302733158,3233.179156903317,575.8172683109377
2024-01-20 10:15:00+00:00,3227.359039047581,3229.6300167609415,3227.4858663776104,3228.4541143011293,935.1721556083403
2024-01-20 10:30:00+00:00,3233.362614840065,3232.952207949233,3231.3737131746843,3232.435786458985,485.87626750721887
2024-01-20 10:45:00+00:00,3237.601318547201,3239.403275591013,3235.597958810354,3236.7271216601252,882.8311292325308
2024-01-20 11:00:00+00:00,3232.5990735830023,3234.0707775463925,3232.787992035475,3233.844590760776,504.05989373041376
2024-01-20 11:15:00+00:00,3233.9443570207477,3234.7732282104794,3232.5380459611442,3233.162921971304,981.3234508317868
2024-01-20 11:30:00+00:00,3231.8799452903922,3232.4813293272978,3229.2094830472042,3230.2359569019454,963.8509432589891
2024-01-20 11:45:00+00:00,3232.236298887963,3230.4425583479856,3229.8512984043523,3230.187758812976,396.2230350004723
2024-01-20 12:00:00+00:00,3232.923530967544,3231.610968031301,3229.256840208742,3229.838806640406,897.3313033751228
2024-01-20 12:15:00+00:00,3232.0324538797263,3235.3919551157837,3231.5324428118074,3233.004502645394,862.8502367940844
2024-01-20 12:30:00+00:00,3240.9391994319394,3239.0880287960194,3235.833241266427,3237.8910267731876,289.61235759480655
2024-01-20 12:45:00+00:00,3242.6788970264624,3244.9945030305535,3241.4726001222007,3243.061801429261,661.8613607049427
2024-01-20 13:00:00+00:00,3241.247245352559,3243.4274030108563,3239.265117021914,3241.8874808000937,165.41408403083338
2024-01-20 13:15:00+00:00,3242.2110253473115,3242.251478011552,3241.2403705215374,3241.8575846609015,853.0396485251155
2024-01-20 13:30:00+00:00,3236.4240002616493,3239.532770288974,3235.729058200329,3237.052054540781,257.0912951531469
2024-01-20 13:45:00+00:00,3235.5217303613917,3235.408908528618,3234.5717119639644,3235.0914156034414,163.73323124718806
2024-01-20 14:00:00+00:00,3237.436830169814,3239.350595137963,3234.9694373271986,3238.862012788918,460.19718598493006
2024-01-20 14:15:00+00:00,3244.489545797876,3245.032561851405,3242.4886922961286,3244.7477764560986,619.2299247396792
2024-01-20 14:30:00+00:00,3242.7823362819595,3244.3815404907746,3240.3037267194277,3241.393310397151,869.4252627037939
2024-01-20 14:45:00+00:00,3240.0598004689114,3241.563797942272,3237.6905658629807,3240.1214289732884,976.8182729695628
2024-01-20 15:00:00+00:00,3240.83689995429,3240.7877721141335,3238.2878195822377,3240.6839442234045,495.5432613128773
2024-01-20 15:15:00+00:00,3242.7540026299675,3243.109760436776,3239.529424408252,3242.2403684187498,154.4022306867432
2024-01-20 15:30:00+00:00,3241.5289073591975,3243.822507086919,3239.069836631942,3240.264489590263,774.2040211232836
2024-01-20 15:45:00+00:00,3240.498338870796,3242.550069776081,3240.9349100804025,3242.287243527297,608.6559306015437
2024-01-20 16:00:00+00:00,3242.031057917027,3241.631338366243,3237.726909199079,3241.399499260716,503.10221036001684
2024-01-20 16:15:00+00:00,3241.7112202595795,3243.378210831496,3241.4323777330105,3242.000989377817,378.3419909129707
2024-01-20 16:30:00+00:00,3244.601561188036,3245.5453076413833,3244.0519374834166,3244.421346673131,552.1586750591821
2024-01-20 16:45:00+00:00,3246.237681586188,3246.0363851306943,3243.9302164658175,3245.0911366191367,404.8116440113278
2024-01-20 17:00:00+00:00,3243.0326906611936,3245.6217666645307,3242.0546015642717,3244.324133518894,781.3106809726243
2024-01-20 17:15:00+00:00,3243.5221872753395,3247.7127703359984,3242.1510273765766,3244.6174018675433,589.5043268433769
2024-01-20 17:30:00+00:00,3242.8861646331193,3245.61736566947,3244.2479592876266,3244.979641572106,889.1629967387008
2024-01-20 17:45:00+00:00,3243.8341039178536,3246.052867307451,3242.794874515826,3244.4280061346794,589.1895231844978
2024-01-20 18:00:00+00:00,3245.6759982078584,3246.497600693844,3241.6886566570083,3244.2372521501584,314.436172005937
2024-01-20 18:15:00+00:00,3249.947101973479,3251.232411129901,3248.320238789842,3250.0777412191906,865.98269400893
2024-01-20 18:30:00+00:00,3251.098787864284,3253.2499563313354,3252.490676322683,3252.5517297134156,601.4971404370395
2024-01-20 18:45:00+00:00,3251.714675059264,3252.8585297162076,3250.465782717787,3252.241189865314,286.1569343292051
2024-01-20 19:00:00+00:00,3253.5452014668126,3256.064738216157,3255.0453213322608,3255.159610574587,661.1570289605999
2024-01-20 19:15:00+00:00,3253.503312504535,3254.9356911030386,3250.6193766396036,3254.7240359212647,421.9450884481848
2024-01-20 19:30:00+00:00,3259.618659810508,3261.9161600003918,3258.948601671665,3259.1962474327534,859.9650510628592
2024-01-20 19:45:00+00:00,3259.777330838425,3262.5902179924215,3259.32475924354,3261.0533520202907,507.96976478188856
2024-01-20 20:00:00+00:00,3262.5652240814584,3263.988842658988,3259.898246867301,3261.3556586856844,753.797222296675
2024-01-20 20:15:00+00:00,3263.391411941796,3263.9942426386174,3262.835722443133,3263.46877822467,185.98258687261344
2024-01-20 20:30:00+00:00,3259.091016147447,3261.1578221409786,3258.7110224528446,3258.9980318235503,456.42191167211155
2024-01-20 20:45:00+00:00,3255.6769720862158,3258.269377740068,3251.2587193144686,3255.979097607506,984.9172928251588
2024-01-20 21:00:00+00:00,3253.582465152636,3253.6974046347373,3250.0262729768992,3252.7445062989595,827.6142605294335
2024-01-20 21:15:00+00:00,3254.709634796579,3255.058877378257,3252.3937286391033,3253.8602038658782,243.94672213023577
2024-01-20 21:30:00+00:00,3260.518527030044,3262.4614121819945,3259.330029586123,3260.154417388226,349.9876445295296
2024-01-20 21:45:00+00:00,3268.705735491803,3268.4475693705804,3267.9488012807597,3268.0904748593625,396.83422797072495
2024-01-20 22:00:00+00:00,3270.599213190361,3272.481355172601,3268.77372028871,3270.8304496405044,685.3290044459011
2024-01-20 22:15:00+00:00,3273.7151623841096,3274.506395445617,3272.4590606275037,3273.1235965654287,781.29528354069
2024-01-20 22:30:00+00:00,3267.5192807838944,3270.3366372497426,3267.503476592543,3267.8873296177044,774.5739479271188
2024-01-20 22:45:00+00:00,3266.7701321575614,3266.9177198486946,3265.308248971039,3266.7677020938268,558.8866506757626
2024-01-20 23:00:00+00:00,3264.5492232817705,3264.9908448581864,3263.5456826455274,3264.8481133240884,829.7384840543361
2024-01-20 23:15:00+00:00,3262.9770252534936,3264.3691124528946,3260.4174350527533,3263.4743989194203,493.37027448172756
2024-01-20 23:30:00+00:00,3262.828705623739,3265.1279005559295,3262.5244054077975,3263.578362407847,211.4925087660057
2024-01-20 23:45:00+00:00,3263.1991369669895,3262.7874209551896,3260.897572849769,3262.690494281613,607.997657488432
2024-01-21 00:00:00+00:00,3258.313184581289,3259.911936752084,3254.8510760427985,3256.8903513306764,957.071246140996
2024-01-21 00:15:00+00:00,3261.251644072862,3260.344555058581,3259.7161382080003,3259.979054773313,813.6942862532602
2024-01-21 00:30:00+00:00,3255.770904241968,3257.6993509377653,3256.086172869479,3257.1351719591585,620.8305829230181
2024-01-21 00:45:00+00:00,3259.966490445352,3261.1918720683398,3258.4325896400665,3258.566172627698,682.1250943141872
2024-01-21 01:00:00+00:00,3265.6384866898384,3266.4137746464603,3263.1232351136546,3265.984853638952,937.5058243320154
2024-01-21 01:15:00+00:00,3264.289724024489,3264.1851216590467,3262.231645925282,3263.63619935303,485.50851499146444
2024-01-21 01:30:00+00:00,3255.0562851812283,3257.603238262722,3254.94517968709,3256.0398429237,398.25472504837364
2024-01-21 01:45:00+00:00,3255.913905958635,3256.5126895930075,3255.488526135157,3255.759821792271,979.5174085004041
2024-01-21 02:00:00+00:00,3260.33910261321,3261.9205608781413,3258.07317780003,3259.998190277046,877.0988201593001
2024-01-21 02:15:00+00:00,3265.425242427607,3267.323378986758,3266.383240362351,3267.0419978294003,390.7392261567421
2024-01-21 02:30:00+00:00,3264.3418767834805,3264.77597843515,3262.1026440741757,3263.6801469585325,517.4025376248305
2024-01-21 02:45:00+00:00,3267.4199969183765,3268.44998327688,3264.6547879213103,3265.954742644329,473.57031610701915
2024-01-21 03:00:00+00:00,3264.898285309081,3266.537255073486,3264.9203484470477,3265.088365634257,234.18611080429054
2024-01-21 03:15:00+00:00,3266.8759626261153,3266.6376996178956,3261.617332508067,3265.395467009856,962.0373914319332
2024-01-21 03:30:00+00:00,3274.4895315320164,3274.7949761119826,3271.9565871891164,3274.6965944110134,463.8811880977829
2024-01-21 03:45:00+00:00,3271.358710117215,3271.0675145943383,3269.710189034489,3270.4325404851397,887.7961743741172
2024-01-21 04:00:00+00:00,3269.4971433649484,3273.9609401872203,3269.9094245902766,3271.916802147727,270.42060491259855
2024-01-21 04:15:00+00:00,3276.7419433414047,3276.283992834272,3271.514638756101,3274.1021681508964,593.0837295734977
2024-01-21 04:30:00+00:00,3279.948865789794,3278.8874575910518,3276.274633441986,3278.3146715544353,121.56524661184284
2024-01-21 04:45:00+00:00,3278.98057630886,3280.5584388026696,3275.6328317316966,3279.2916996600634,787.7984354580777
2024-01-21 05:00:00+00:00,3278.8013883328113,3281.5801616277795,3278.791295551634,3280.9581688667113,622.8225084216506
2024-01-21 05:15:00+00:00,3280.644380828664,3282.347205192616,3279.064212175224,3280.3294381834694,663.0306251227775
2024-01-21 05:30:00+00:00,3280.2890987751907,3282.8482857333265,3281.866868776769,3281.8686901231276,146.5487942991881
2024-01-21 05:45:00+00:00,3281.885366140955,3285.3205564458835,3278.864833844683,3281.398785521663,289.9344971877539
2024-01-21 06:00:00+00:00,3284.546338682821,3284.772684474828,3283.286459175986,3284.095798266482,166.89778511822215
2024-01-21 06:15:00+00:00,3282.5084509567273,3285.0385421438873,3282.17024466426,3283.538828909753,360.0228842234306
2024-01-21 06:30:00+00:00,3286.661928521644,3286.3174812132847,3284.4468264497823,3285.4343073493806,664.6951069139359
2024-01-21 06:45:00+00:00,3286.8776726114083,3286.6988100478593,3284.0797029452333,3285.99530104872,609.5673858856377
2024-01-21 07:00:00+00:00,3291.425854871135,3290.816225043917,3287.6134641381755,3290.3555862814446,650.9348394520513
2024-01-21 07:15:00+00:00,3290.8543065488775,3292.949135796245,3288.3850850177746,3290.8445901068108,594.3261442401049
2024-01-21 07:30:00+00:00,3284.1217381127317,3286.5185981449963,3285.447646946233,3285.6720540689053,345.7259161082734
2024-01-21 07:45:00+00:00,3291.551517539832,3291.8515548655237,3290.437196632036,3290.4789614935858,320.0567476099827
2024-01-21 08:00:00+00:00,3287.861242181767,3291.748410555651,3286.979480162212,3288.157583437238,223.35371518292314
2024-01-21 08:15:00+00:00,3285.1432856944484,3287.60339996492,3285.3354334814408,3286.6658666807225,864.1637874131429
2024-01-21 08:30:00+00:00,3286.84636536435,3286.3195384507003,3284.4936264473968,3285.3657174371506,654.83142268712
2024-01-21 08:45:00+00:00,3292.8451263015745,3291.54829102223,3289.130524986178,3290.5423964836714,267.85991125365376
2024-01-21 09:00:00+00:00,3284.1339835854415,3284.3317617125726,3283.9769379442296,3284.179139000347,259.4884418391156
2024-01-21 09:15:00+00:00,3297.530766606833,3295.55381576518,3294.166418320136,3295.1592172822266,885.732041373523
2024-01-21 09:30:00+00:00,3299.401149810738,3301.1431101365674,3298.5655577100533,3299.300724893971,768.4577773869873
2024-01-21 09:45:00+00:00,3300.278822956134,3301.0050645802667,3297.3078958772053,3300.697412895668,693.4591719148342
2024-01-21 10:00:00+00:00,3300.4826471203482,3302.3840213579333,3299.8352201838698,3301.176398643442,466.17769678536985
2024-01-21 10:15:00+00:00,3304.581995013812,3305.9015420535316,3299.3030207127613,3302.779687505848,335.77800785066574
2024-01-21 10:30:00+00:00,3304.302754269271,3305.243740990773,3305.104599809738,3305.162254972675,981.5056868015414
2024-01-21 10:45:00+00:00,3308.7677569666334,3309.22865484183,3305.6819450986627,3307.957010543777,817.5156175205202
2024-01-21 11:00:00+00:00,3309.840432828087,3311.4642161816773,3308.1929779441925,3310.4574621915403,371.60130082264885
2024-01-21 11:15:00+00:00,3310.908156437402,3312.017459028935,3311.207789583141,3311.4162455345745,862.8083166506452
2024-01-21 11:30:00+00:00,3312.562257362466,3311.940167854948,3310.015842310628,3311.425059144537,783.0387537532133
2024-01-21 11:45:00+00:00,3311.1669096591427,3314.7152864104996,3309.5599656266227,3311.5864179453065,367.37249489019854
2024-01-21 12:00:00+00:00,3311.1564390891695,3314.9401754904693,3311.0436922971194,3311.603279657862,483.8975688174757
2024-01-21 12:15:00+00:00,3317.275279502303,3318.163047422688,3315.0412017970575,3316.0231439711597,267.35810085192395
2024-01-21 12:30:00+00:00,3320.422711320517,3319.314718046145,3317.036612455623,3318.65564080793,199.94719994029842
2024-01-21 12:45:00+00:00,3310.284900472065,3311.397705799255,3309.5724341324344,3309.5736843362292,750.485829555727
2024-01-21 13:00:00+00:00,3311.6846088236366,3312.9831964685613,3311.2716432964103,3312.40756360937,340.76067161847993
2024-01-21 13:15:00+00:00,3313.151345124032,3313.8589946131233,3310.146923834647,3313.715348864493,838.0534291716283
2024-01-21 13:30:00+00:00,3314.4044390490735,3314.905550569599,3313.57543153738,3314.316150899301,996.0478403629835
2024-01-21 13:45:00+00:00,3314.0458877646083,3314.0088142209743,3312.633361857386,3313.6914000358697,168.9578325366838
2024-01-21 14:00:00+00:00,3316.989400456,3318.92188171559,3315.339098676949,3318.0820071566395,525.7316125753302
2024-01-21 14:15:00+00:00,3322.6923974818656,3324.295676005255,3320.8568651831524,3321.8917795526004,821.8563033797227
2024-01-21 14:30:00+00:00,3320.083921383063,3320.9323352144165,3319.591124363661,3319.9892869369655,810.0558068871102
2024-01-21 14:45:00+00:00,3320.1054418334215,3323.7487864477357,3321.1975436902676,3322.0053058793737,783.9974424978716
2024-01-21 15:00:00+00:00,3318.415007453587,3321.7043216668735,3317.7857132358513,3319.442846909423,414.09544177171983
2024-01-21 15:15:00+00:00,3314.9723292633075,3318.2492333987416,3312.8385027172435,3315.5294804231135,508.46793011654705
2024-01-21 15:30:00+00:00,3314.0345024477588,3319.3381279351765,3310.8151734247704,3314.1149887006354,635.4715216073232
2024-01-21 15:45:00+00:00,3319.7270680011256,3319.5014268917425,3316.985981433048,3317.637753781331,976.5465252159315
2024-01-21 16:00:00+00:00,3321.72930414287,3321.8689736690403,3318.8243761611247,3321.46561154187,394.7925438446436
2024-01-21 16:15:00+00:00,3322.9034159148428,3327.2952211251636,3322.889067575167,3323.8349449109573,930.829498945172
2024-01-21 16:30:00+00:00,3327.155906359763,3327.8313723970386,3325.585270287152,3326.9112333260073,342.4212263624447
2024-01-21 16:45:00+00:00,3328.9040136939243,3330.207308510298,3329.2266230479304,3329.29474832344,990.1670189263341
2024-01-21 17:00:00+00:00,3328.1854965922635,3331.025696110869,3327.1015464840502,3327.8252503690014,703.2373181448326
2024-01-21 17:15:00+00:00,3330.5732591152464,3331.218549118516,3329.2728689464034,3329.928842753169,517.1603323226959
2024-01-21 17:30:00+00:00,3334.605362945458,3336.0770468186547,3332.3655410863016,3333.26180216999,652.0513852572444
2024-01-21 17:45:00+00:00,3336.417213065314,3337.2303958373536,3335.9330975359444,3336.4442232447077,345.27805213618615
2024-01-21 18:00:00+00:00,3342.906775083405,3344.38160766259,3339.413762727894,3341.0814748644725,346.75647176032
2024-01-21 18:15:00+00:00,3345.1297488420305,3345.3734531034816,3343.2501182393166,3344.117570661915,202.19908945914446
2024-01-21 18:30:00+00:00,3345.173164871658,3349.417031753219,3344.517520437087,3345.9621868604686,202.64526793485888
2024-01-21 18:45:00+00:00,3352.682592019751,3350.26243116652,3349.9275321427576,3350.2147616622397,412.9045673220202
2024-01-21 19:00:00+00:00,3351.1612337514334,3354.277164885998,3348.8648587866937,3350.796003115398,786.5699301067344
2024-01-21 19:15:00+00:00,3347.5798176008543,3349.048219578283,3346.47371348304,3348.511959063807,647.1740508383463
2024-01-21 19:30:00+00:00,3350.480633240537,3351.3871693852593,3347.8521343317266,3348.635632060521,192.32610429791873
2024-01-21 19:45:00+00:00,3349.1294252977523,3347.4149589404274,3344.853094261248,3346.811448694425,867.0128724783199
